detector,kind,params,US_tr_n_days,US_tr_acc,US_tr_bull_recall,US_tr_bear_recall,US_tr_bal_acc,US_tr_switches_per_yr,US_tr_bear_phases,US_tr_bear_lag_med,US_tr_bear_lag_mean,US_tr_bull_lag_med,US_tr_missed_bears,US_tr_false_alarms,US_tr_bh_cagr,US_tr_bh_dd,US_tr_bh_calmar,US_tr_sw_cagr,US_tr_sw_dd,US_tr_sw_calmar,US_tr_inv_cagr,US_tr_inv_dd,US_tr_inv_calmar,US_te_n_days,US_te_acc,US_te_bull_recall,US_te_bear_recall,US_te_bal_acc,US_te_switches_per_yr,US_te_bear_phases,US_te_bear_lag_med,US_te_bear_lag_mean,US_te_bull_lag_med,US_te_missed_bears,US_te_false_alarms,US_te_bh_cagr,US_te_bh_dd,US_te_bh_calmar,US_te_sw_cagr,US_te_sw_dd,US_te_sw_calmar,US_te_inv_cagr,US_te_inv_dd,US_te_inv_calmar,JP_tr_n_days,JP_tr_acc,JP_tr_bull_recall,JP_tr_bear_recall,JP_tr_bal_acc,JP_tr_switches_per_yr,JP_tr_bear_phases,JP_tr_bear_lag_med,JP_tr_bear_lag_mean,JP_tr_bull_lag_med,JP_tr_missed_bears,JP_tr_false_alarms,JP_tr_bh_cagr,JP_tr_bh_dd,JP_tr_bh_calmar,JP_tr_sw_cagr,JP_tr_sw_dd,JP_tr_sw_calmar,JP_tr_inv_cagr,JP_tr_inv_dd,JP_tr_inv_calmar,JP_te_n_days,JP_te_acc,JP_te_bull_recall,JP_te_bear_recall,JP_te_bal_acc,JP_te_switches_per_yr,JP_te_bear_phases,JP_te_bear_lag_med,JP_te_bear_lag_mean,JP_te_bull_lag_med,JP_te_missed_bears,JP_te_false_alarms,JP_te_bh_cagr,JP_te_bh_dd,JP_te_bh_calmar,JP_te_sw_cagr,JP_te_sw_dd,JP_te_sw_calmar,JP_te_inv_cagr,JP_te_inv_dd,JP_te_inv_calmar,eligible,obj,sw_mean
"ma_band(L=100,b=0.0,k=1)",ma_band,"{""L"": 100, ""b"": 0.0, ""k"": 1}",13841,0.7367,0.7378,0.7311,0.7345,10.292,9,15.0,15.6,48.0,0,215,7.77,-49.15,0.158,5.53,-54.54,0.101,2.94,-70.51,0.042,5212,0.803,0.8008,0.8214,0.8111,11.004,4,5.0,5.0,20.0,0,96,9.18,-56.78,0.162,4.94,-26.77,0.185,-0.76,-60.59,-0.013,9860,0.7691,0.7751,0.7541,0.7646,8.653,14,16.0,18.1,30.0,0,110,6.27,-80.45,0.078,7.38,-30.55,0.242,6.83,-45.45,0.15,5069,0.7351,0.7247,0.7735,0.7491,13.465,11,14.0,14.1,21.5,0,112,7.0,-61.37,0.114,1.62,-40.06,0.04,-5.63,-82.4,-0.068,False,0.7495499999999999,9.4725
"ma_band(L=100,b=0.0,k=3)",ma_band,"{""L"": 100, ""b"": 0.0, ""k"": 3}",13841,0.738,0.7408,0.7249,0.7329,5.201,9,22.0,24.6,58.0,0,110,7.77,-49.15,0.158,4.71,-45.75,0.103,0.88,-67.92,0.013,5212,0.807,0.806,0.8158,0.8109,3.764,4,8.5,9.8,22.0,0,32,9.18,-56.78,0.162,7.78,-18.99,0.41,3.96,-38.81,0.102,9860,0.765,0.7741,0.7425,0.7583,3.801,14,18.5,23.4,32.0,0,46,6.27,-80.45,0.078,7.62,-35.13,0.217,6.89,-42.97,0.16,5069,0.7309,0.7252,0.7521,0.7387,5.454,11,16.5,18.9,23.5,1,42,7.0,-61.37,0.114,2.43,-35.46,0.068,-4.71,-86.16,-0.055,False,0.7456,4.5009999999999994
"ma_band(L=100,b=0.0,k=5)",ma_band,"{""L"": 100, ""b"": 0.0, ""k"": 5}",13841,0.733,0.7378,0.7101,0.724,3.891,9,30.0,28.2,65.0,0,81,7.77,-49.15,0.158,4.86,-35.65,0.136,1.13,-62.6,0.018,5212,0.812,0.8102,0.8269,0.8186,2.703,4,10.5,11.2,26.0,0,23,9.18,-56.78,0.162,6.99,-24.42,0.286,2.39,-55.71,0.043,9860,0.7614,0.7727,0.7334,0.7531,3.151,14,20.5,28.1,34.0,0,37,6.27,-80.45,0.078,6.73,-35.18,0.191,5.08,-40.48,0.126,5069,0.725,0.722,0.7363,0.7291,4.006,11,18.5,21.2,34.5,1,30,7.0,-61.37,0.114,1.8,-43.5,0.041,-5.99,-90.41,-0.066,False,0.73855,3.521
"ma_band(L=100,b=0.0,k=10)",ma_band,"{""L"": 100, ""b"": 0.0, ""k"": 10}",13841,0.7401,0.7485,0.7006,0.7246,2.437,9,35.0,47.9,70.0,0,49,7.77,-49.15,0.158,5.08,-36.11,0.141,1.49,-70.78,0.021,5212,0.8091,0.8126,0.779,0.7958,2.124,4,15.5,15.0,31.0,0,17,9.18,-56.78,0.162,6.69,-25.79,0.259,1.88,-45.26,0.041,9860,0.754,0.7726,0.7082,0.7404,2.151,14,33.0,37.2,35.5,1,22,6.27,-80.45,0.078,6.16,-46.39,0.133,3.92,-55.58,0.07,5069,0.7214,0.7295,0.6915,0.7105,2.606,11,24.0,26.8,43.5,2,17,7.0,-61.37,0.114,3.18,-37.84,0.084,-3.28,-84.75,-0.039,False,0.7324999999999999,2.2939999999999996
"ma_band(L=100,b=0.01,k=1)",ma_band,"{""L"": 100, ""b"": 0.01, ""k"": 1}",13841,0.7364,0.7376,0.7307,0.7342,4.582,9,21.0,22.3,61.0,0,97,7.77,-49.15,0.158,4.79,-49.62,0.097,0.95,-71.76,0.013,5212,0.8018,0.7987,0.8287,0.8137,4.537,4,7.0,8.5,20.0,0,39,9.18,-56.78,0.162,5.82,-23.64,0.246,0.24,-52.74,0.005,9860,0.7677,0.7741,0.752,0.7631,3.701,14,17.0,19.7,32.0,0,41,6.27,-80.45,0.078,7.1,-37.93,0.187,5.76,-50.97,0.113,5069,0.7262,0.718,0.7568,0.7374,6.612,11,15.0,17.2,26.5,0,52,7.0,-61.37,0.114,1.45,-42.12,0.034,-6.55,-87.14,-0.075,False,0.74865,4.1415
"ma_band(L=100,b=0.01,k=3)",ma_band,"{""L"": 100, ""b"": 0.01, ""k"": 3}",13841,0.7359,0.7408,0.713,0.7269,3.019,9,30.0,28.1,63.0,0,58,7.77,-49.15,0.158,5.16,-47.38,0.109,1.55,-61.98,0.025,5212,0.8166,0.8139,0.8398,0.8268,2.606,4,9.0,10.0,24.0,0,22,9.18,-56.78,0.162,6.66,-21.06,0.316,1.75,-43.74,0.04,9860,0.7649,0.7777,0.7334,0.7556,2.451,14,22.5,27.9,36.5,0,25,6.27,-80.45,0.078,7.63,-34.85,0.219,6.78,-45.87,0.148,5069,0.7153,0.711,0.7316,0.7213,3.62,11,17.5,20.3,39.5,1,26,7.0,-61.37,0.114,2.12,-44.05,0.048,-5.47,-90.47,-0.06,False,0.74125,2.7350000000000003
"ma_band(L=100,b=0.01,k=5)",ma_band,"{""L"": 100, ""b"": 0.01, ""k"": 5}",13841,0.7301,0.7371,0.6973,0.7172,2.546,9,32.0,31.4,65.0,0,50,7.77,-49.15,0.158,4.72,-40.86,0.116,0.75,-55.17,0.014,5212,0.8139,0.8122,0.8287,0.8204,2.124,4,11.0,11.5,26.0,0,17,9.18,-56.78,0.162,6.85,-23.67,0.289,2.07,-42.88,0.048,9860,0.76,0.7776,0.7169,0.7473,2.051,14,28.5,31.9,38.5,0,20,6.27,-80.45,0.078,7.01,-36.89,0.19,5.55,-44.17,0.126,5069,0.7143,0.7127,0.7204,0.7166,3.041,11,21.0,23.2,39.5,2,22,7.0,-61.37,0.114,2.57,-37.46,0.069,-4.51,-85.94,-0.052,False,0.73225,2.2984999999999998
"ma_band(L=100,b=0.01,k=10)",ma_band,"{""L"": 100, ""b"": 0.01, ""k"": 10}",13841,0.734,0.7491,0.6627,0.7059,1.746,9,51.0,62.4,70.0,0,33,7.77,-49.15,0.158,5.49,-35.29,0.156,2.26,-50.94,0.044,5212,0.7974,0.8021,0.7569,0.7795,1.834,4,20.5,19.0,53.0,0,14,9.18,-56.78,0.162,5.69,-27.27,0.209,-0.07,-48.26,-0.001,9860,0.7555,0.7766,0.7036,0.7401,1.551,14,36.0,39.7,42.0,1,13,6.27,-80.45,0.078,6.61,-37.46,0.176,4.75,-54.91,0.087,5069,0.7098,0.7155,0.6887,0.7021,2.22,11,26.0,27.7,47.0,2,13,7.0,-61.37,0.114,3.87,-35.43,0.109,-2.02,-76.6,-0.026,False,0.723,1.6484999999999999
"ma_band(L=100,b=0.02,k=1)",ma_band,"{""L"": 100, ""b"": 0.02, ""k"": 1}",13841,0.7362,0.7337,0.748,0.7409,2.728,9,28.0,26.3,62.0,0,53,7.77,-49.15,0.158,5.08,-48.71,0.104,1.33,-69.23,0.019,5212,0.7957,0.791,0.8361,0.8135,2.992,4,8.0,9.5,22.0,0,25,9.18,-56.78,0.162,5.81,-22.58,0.257,0.07,-47.68,0.002,9860,0.7554,0.7633,0.7359,0.7496,2.401,14,25.5,26.3,35.0,0,24,6.27,-80.45,0.078,7.62,-29.48,0.258,6.65,-40.16,0.166,5069,0.7207,0.7072,0.7707,0.739,3.62,11,16.5,18.3,34.5,1,26,7.0,-61.37,0.114,3.82,-34.4,0.111,-2.47,-76.83,-0.032,False,0.74525,2.5645
"ma_band(L=100,b=0.02,k=3)",ma_band,"{""L"": 100, ""b"": 0.02, ""k"": 3}",13841,0.7377,0.7481,0.6891,0.7186,1.964,9,41.0,44.6,64.0,0,37,7.77,-49.15,0.158,6.28,-35.45,0.177,3.65,-49.38,0.074,5212,0.8166,0.816,0.8214,0.8187,1.93,4,10.0,11.8,30.0,0,15,9.18,-56.78,0.162,7.22,-21.25,0.34,2.78,-41.07,0.068,9860,0.7622,0.7799,0.7187,0.7493,1.851,14,28.5,31.4,37.0,0,16,6.27,-80.45,0.078,7.43,-38.2,0.194,6.32,-45.77,0.138,5069,0.7065,0.6979,0.7381,0.718,2.847,11,19.5,21.6,44.0,1,19,7.0,-61.37,0.114,1.66,-37.9,0.044,-6.33,-90.65,-0.07,False,0.73395,1.9075
"ma_band(L=100,b=0.02,k=5)",ma_band,"{""L"": 100, ""b"": 0.02, ""k"": 5}",13841,0.738,0.7486,0.6878,0.7182,1.746,9,43.0,47.9,67.0,0,32,7.77,-49.15,0.158,5.37,-37.74,0.142,1.97,-48.87,0.04,5212,0.8185,0.8212,0.7956,0.8084,1.641,4,14.5,14.5,48.0,0,12,9.18,-56.78,0.162,5.97,-25.16,0.237,0.46,-44.05,0.01,9860,0.7581,0.7803,0.7036,0.7419,1.651,14,30.5,33.4,54.5,0,12,6.27,-80.45,0.078,6.7,-46.68,0.144,4.92,-52.17,0.094,5069,0.7088,0.703,0.7307,0.7168,2.365,11,25.0,24.1,44.0,2,15,7.0,-61.37,0.114,4.17,-32.96,0.126,-1.59,-73.8,-0.022,False,0.73005,1.6985000000000001
"ma_band(L=100,b=0.02,k=10)",ma_band,"{""L"": 100, ""b"": 0.02, ""k"": 10}",13841,0.7507,0.7644,0.6862,0.7253,1.309,9,59.0,67.1,77.5,0,23,7.77,-49.15,0.158,6.15,-35.29,0.174,3.51,-49.24,0.071,5212,0.8156,0.8197,0.7808,0.8003,1.351,4,9.5,13.8,53.0,0,10,9.18,-56.78,0.162,6.4,-33.84,0.189,1.47,-52.46,0.028,9860,0.7507,0.7644,0.7169,0.7407,1.4,14,37.0,38.0,69.0,1,11,6.27,-80.45,0.078,5.83,-41.87,0.139,3.18,-60.98,0.052,5069,0.6926,0.6927,0.6925,0.6926,1.93,11,32.0,26.9,52.0,2,11,7.0,-61.37,0.114,3.91,-37.1,0.105,-2.0,-76.83,-0.026,False,0.733,1.3544999999999998
"ma_band(L=100,b=0.03,k=1)",ma_band,"{""L"": 100, ""b"": 0.03, ""k"": 1}",13841,0.7417,0.7511,0.6977,0.7244,1.964,9,31.0,36.4,62.0,0,35,7.77,-49.15,0.158,5.28,-53.0,0.1,1.69,-72.51,0.023,5212,0.8043,0.8,0.8416,0.8208,2.124,4,8.5,9.8,33.0,0,17,9.18,-56.78,0.162,5.73,-25.29,0.226,-0.11,-51.82,-0.002,9860,0.7577,0.7713,0.7243,0.7478,2.001,14,27.0,30.4,36.0,0,18,6.27,-80.45,0.078,6.62,-37.66,0.176,4.67,-48.26,0.097,5069,0.7116,0.6964,0.7679,0.7322,2.847,11,18.0,19.7,37.5,1,19,7.0,-61.37,0.114,3.88,-38.24,0.101,-2.43,-72.28,-0.034,False,0.7361,1.9825
"ma_band(L=100,b=0.03,k=3)",ma_band,"{""L"": 100, ""b"": 0.03, ""k"": 3}",13841,0.7568,0.7664,0.7118,0.7391,1.491,9,53.0,60.1,69.0,0,28,7.77,-49.15,0.158,5.88,-36.8,0.16,2.97,-48.92,0.061,5212,0.8168,0.8184,0.8029,0.8107,1.737,4,13.0,14.0,35.0,0,13,9.18,-56.78,0.162,5.32,-26.63,0.2,-0.78,-48.2,-0.016,9860,0.7588,0.7777,0.7124,0.745,1.601,14,30.0,33.1,54.5,0,11,6.27,-80.45,0.078,6.08,-42.47,0.143,3.69,-47.64,0.077,5069,0.7116,0.7037,0.7409,0.7223,2.124,11,23.0,23.0,48.0,2,12,7.0,-61.37,0.114,3.62,-36.4,0.1,-2.61,-79.82,-0.033,False,0.74205,1.546
"ma_band(L=100,b=0.03,k=5)",ma_band,"{""L"": 100, ""b"": 0.03, ""k"": 5}",13841,0.7644,0.7871,0.6577,0.7224,1.237,9,49.0,69.1,68.5,0,22,7.77,-49.15,0.158,6.28,-33.24,0.189,3.81,-51.49,0.074,5212,0.8344,0.8338,0.8398,0.8368,1.448,4,7.0,7.5,51.0,0,10,9.18,-56.78,0.162,5.61,-27.39,0.205,-0.19,-53.74,-0.003,9860,0.7561,0.7712,0.719,0.7451,1.45,14,32.0,35.8,68.0,0,10,6.27,-80.45,0.078,5.94,-42.44,0.14,3.4,-52.22,0.065,5069,0.7098,0.703,0.7353,0.7191,2.027,11,25.0,24.8,49.0,2,12,7.0,-61.37,0.114,4.19,-31.88,0.132,-1.51,-73.63,-0.021,False,0.73375,1.3435000000000001
"ma_band(L=100,b=0.03,k=10)",ma_band,"{""L"": 100, ""b"": 0.03, ""k"": 10}",13841,0.7848,0.8125,0.6548,0.7337,0.873,9,80.0,81.3,77.5,0,14,7.77,-49.15,0.158,6.66,-35.13,0.189,4.59,-55.66,0.082,5212,0.8431,0.852,0.7661,0.8091,0.869,4,29.5,31.8,65.0,0,6,9.18,-56.78,0.162,7.91,-31.03,0.255,4.47,-52.48,0.085,9860,0.747,0.7699,0.6906,0.7303,1.3,14,43.0,42.1,70.0,1,9,6.27,-80.45,0.078,5.5,-42.64,0.129,2.6,-53.56,0.048,5069,0.6899,0.6857,0.7055,0.6956,1.641,11,27.0,21.2,53.0,3,10,7.0,-61.37,0.114,3.22,-47.07,0.068,-3.26,-77.45,-0.042,False,0.732,1.0865
"ma_band(L=100,b=0.05,k=1)",ma_band,"{""L"": 100, ""b"": 0.05, ""k"": 1}",13841,0.7567,0.774,0.6755,0.7247,1.055,9,54.0,76.9,71.0,0,18,7.77,-49.15,0.158,6.74,-30.9,0.218,4.52,-55.16,0.082,5212,0.7868,0.7665,0.9613,0.8639,1.062,4,2.5,5.2,49.0,0,8,9.18,-56.78,0.162,7.82,-16.33,0.479,3.63,-37.2,0.098,9860,0.7424,0.7475,0.7299,0.7387,1.45,14,31.5,33.5,68.5,0,10,6.27,-80.45,0.078,5.58,-38.81,0.144,2.56,-54.09,0.047,5069,0.6723,0.6451,0.7735,0.7093,1.834,11,23.5,22.7,52.0,1,10,7.0,-61.37,0.114,4.02,-28.63,0.14,-2.31,-74.35,-0.031,False,0.7317,1.2525
"ma_band(L=100,b=0.05,k=3)",ma_band,"{""L"": 100, ""b"": 0.05, ""k"": 3}",13841,0.7864,0.8107,0.6718,0.7412,0.836,9,65.0,79.8,75.5,0,14,7.77,-49.15,0.158,6.41,-37.63,0.17,4.02,-54.85,0.073,5212,0.8173,0.8209,0.7864,0.8037,1.062,4,24.0,29.0,51.0,0,8,9.18,-56.78,0.162,6.12,-23.94,0.256,0.72,-48.02,0.015,9860,0.7671,0.776,0.7454,0.7607,1.15,14,40.0,40.7,70.5,0,6,6.27,-80.45,0.078,6.46,-36.36,0.178,4.38,-49.42,0.089,5069,0.6826,0.6587,0.7717,0.7152,1.448,11,27.0,23.7,53.0,2,7,7.0,-61.37,0.114,3.72,-45.65,0.082,-2.57,-67.8,-0.038,False,0.75095,0.9929999999999999
"ma_band(L=100,b=0.05,k=5)",ma_band,"{""L"": 100, ""b"": 0.05, ""k"": 5}",13841,0.7882,0.8213,0.6322,0.7267,0.691,9,74.0,89.6,77.5,0,10,7.77,-49.15,0.158,7.12,-33.24,0.214,5.46,-57.8,0.095,5212,0.8066,0.812,0.7606,0.7863,0.772,4,30.0,32.5,53.0,0,5,9.18,-56.78,0.162,6.57,-31.56,0.208,1.7,-58.86,0.029,9860,0.7547,0.7994,0.6447,0.722,1.0,14,38.0,58.9,77.0,0,4,6.27,-80.45,0.078,6.21,-44.65,0.139,4.01,-60.99,0.066,5069,0.6688,0.6572,0.712,0.6846,1.448,11,29.0,30.8,54.0,2,7,7.0,-61.37,0.114,2.67,-46.88,0.057,-4.42,-78.63,-0.056,True,0.72435,0.8454999999999999
"ma_band(L=100,b=0.05,k=10)",ma_band,"{""L"": 100, ""b"": 0.05, ""k"": 10}",13841,0.7866,0.8584,0.4491,0.6537,0.509,9,162.0,148.4,82.5,0,6,7.77,-49.15,0.158,6.89,-34.55,0.199,5.18,-44.18,0.117,5212,0.8037,0.8212,0.6538,0.7375,0.676,4,47.5,47.0,77.0,0,4,9.18,-56.78,0.162,6.37,-30.59,0.208,1.65,-61.97,0.027,9860,0.7548,0.8147,0.6075,0.7111,0.8,14,43.0,74.7,73.0,1,3,6.27,-80.45,0.078,6.54,-53.94,0.121,4.73,-69.37,0.068,5069,0.7066,0.7117,0.6878,0.6998,0.965,11,34.0,26.1,24.0,4,5,7.0,-61.37,0.114,5.38,-31.97,0.168,0.95,-56.77,0.017,True,0.6823999999999999,0.6545000000000001
"ma_band(L=150,b=0.0,k=1)",ma_band,"{""L"": 150, ""b"": 0.0, ""k"": 1}",13841,0.755,0.7599,0.732,0.7459,7.128,9,21.0,22.6,71.0,0,147,7.77,-49.15,0.158,6.95,-41.45,0.168,5.46,-50.88,0.107,5212,0.84,0.8357,0.8766,0.8562,10.135,4,8.0,9.0,35.0,0,90,9.18,-56.78,0.162,4.25,-28.99,0.147,-2.09,-65.67,-0.032,9860,0.7843,0.7901,0.7699,0.78,6.702,14,17.5,26.6,36.5,0,86,6.27,-80.45,0.078,7.44,-33.68,0.221,6.75,-52.17,0.129,5069,0.7439,0.7305,0.794,0.7623,12.259,11,10.0,13.1,33.0,1,103,7.0,-61.37,0.114,1.98,-41.08,0.048,-5.07,-85.3,-0.059,False,0.76295,6.915
"ma_band(L=150,b=0.0,k=3)",ma_band,"{""L"": 150, ""b"": 0.0, ""k"": 3}",13841,0.7551,0.761,0.727,0.744,3.528,9,31.0,28.3,80.0,0,69,7.77,-49.15,0.158,6.79,-33.11,0.205,4.79,-39.45,0.122,5212,0.8411,0.8364,0.8821,0.8593,2.992,4,10.0,10.5,37.0,0,24,9.18,-56.78,0.162,8.33,-20.64,0.403,5.0,-31.38,0.159,9860,0.7827,0.7903,0.7639,0.7771,2.551,14,24.0,30.3,45.0,0,29,6.27,-80.45,0.078,8.14,-31.37,0.259,7.74,-48.51,0.159,5069,0.7355,0.7262,0.7698,0.748,4.73,11,15.0,17.4,44.5,1,35,7.0,-61.37,0.114,2.19,-45.42,0.048,-5.14,-87.73,-0.059,False,0.7605500000000001,3.0395000000000003
"ma_band(L=150,b=0.0,k=5)",ma_band,"{""L"": 150, ""b"": 0.0, ""k"": 5}",13841,0.7535,0.7612,0.7171,0.7392,2.8,9,33.0,35.2,84.5,0,56,7.77,-49.15,0.158,5.91,-38.27,0.155,3.11,-54.26,0.057,5212,0.8411,0.8381,0.8674,0.8527,2.317,4,14.5,13.2,39.0,0,19,9.18,-56.78,0.162,6.27,-25.92,0.242,1.08,-47.03,0.023,9860,0.7775,0.7898,0.7471,0.7685,2.001,14,26.0,31.9,63.0,0,19,6.27,-80.45,0.078,7.68,-38.09,0.202,6.81,-54.83,0.124,5069,0.7246,0.716,0.7568,0.7364,3.378,11,18.0,22.6,49.0,2,25,7.0,-61.37,0.114,2.58,-47.95,0.054,-4.5,-87.04,-0.052,False,0.7538499999999999,2.4005
"ma_band(L=150,b=0.0,k=10)",ma_band,"{""L"": 150, ""b"": 0.0, ""k"": 10}",13841,0.75,0.7598,0.7039,0.7319,1.855,9,52.0,54.7,94.0,0,37,7.77,-49.15,0.158,5.8,-33.24,0.174,2.86,-47.1,0.061,5212,0.8463,0.8462,0.8471,0.8467,1.448,4,24.0,20.8,44.0,0,12,9.18,-56.78,0.162,6.42,-33.84,0.19,1.58,-52.46,0.03,9860,0.7662,0.7806,0.731,0.7558,1.551,14,36.0,38.5,68.0,1,13,6.27,-80.45,0.078,6.91,-37.44,0.185,5.29,-51.71,0.102,5069,0.7319,0.7277,0.7474,0.7376,2.027,11,23.0,25.0,53.0,2,13,7.0,-61.37,0.114,4.93,-37.48,0.132,-0.05,-67.26,-0.001,False,0.74385,1.7029999999999998
"ma_band(L=150,b=0.01,k=1)",ma_band,"{""L"": 150, ""b"": 0.01, ""k"": 1}",13841,0.7566,0.7587,0.7468,0.7527,3.091,9,28.0,30.1,78.0,0,59,7.77,-49.15,0.158,6.4,-40.22,0.159,3.96,-53.26,0.074,5212,0.8379,0.8332,0.8785,0.8558,4.054,4,8.5,9.2,37.0,0,33,9.18,-56.78,0.162,5.64,-25.13,0.224,-0.06,-55.75,-0.001,9860,0.787,0.7947,0.7682,0.7814,2.501,14,23.5,28.9,36.5,0,27,6.27,-80.45,0.078,7.76,-36.33,0.213,6.93,-54.53,0.127,5069,0.7343,0.7222,0.7791,0.7507,5.598,11,13.5,17.9,40.5,1,44,7.0,-61.37,0.114,1.58,-48.56,0.033,-6.39,-88.66,-0.072,False,0.76705,2.7960000000000003
"ma_band(L=150,b=0.01,k=3)",ma_band,"{""L"": 150, ""b"": 0.01, ""k"": 3}",13841,0.7524,0.757,0.7307,0.7439,2.146,9,37.0,39.6,83.5,0,43,7.77,-49.15,0.158,5.94,-39.33,0.151,3.08,-54.81,0.056,5212,0.8457,0.8447,0.8545,0.8496,2.124,4,13.0,12.0,39.0,0,16,9.18,-56.78,0.162,6.68,-23.38,0.286,1.84,-36.97,0.05,9860,0.7751,0.7861,0.7478,0.767,1.651,14,27.0,32.4,62.0,0,13,6.27,-80.45,0.078,7.71,-34.6,0.223,6.85,-46.01,0.149,5069,0.7289,0.7167,0.7745,0.7456,2.896,11,16.0,21.9,48.0,2,21,7.0,-61.37,0.114,2.87,-42.58,0.067,-4.02,-83.13,-0.048,False,0.75545,1.8984999999999999
"ma_band(L=150,b=0.01,k=5)",ma_band,"{""L"": 150, ""b"": 0.01, ""k"": 5}",13841,0.7457,0.755,0.7019,0.7284,1.746,9,43.0,52.2,91.5,0,35,7.77,-49.15,0.158,6.43,-33.24,0.193,4.03,-38.4,0.105,5212,0.8484,0.8445,0.8821,0.8633,1.448,4,15.0,13.5,51.0,0,11,9.18,-56.78,0.162,6.86,-24.06,0.285,2.15,-42.73,0.05,9860,0.7702,0.7837,0.7369,0.7603,1.45,14,29.0,33.4,64.0,0,11,6.27,-80.45,0.078,7.54,-38.26,0.197,6.5,-48.4,0.134,5069,0.7276,0.7145,0.7763,0.7454,2.124,11,18.0,21.7,50.0,2,14,7.0,-61.37,0.114,4.49,-39.79,0.113,-1.02,-72.52,-0.014,False,0.7443500000000001,1.5979999999999999
"ma_band(L=150,b=0.01,k=10)",ma_band,"{""L"": 150, ""b"": 0.01, ""k"": 10}",13841,0.7477,0.7632,0.6746,0.7189,1.309,9,60.0,68.9,96.5,0,24,7.77,-49.15,0.158,6.08,-34.55,0.176,3.38,-50.94,0.066,5212,0.8411,0.8407,0.8453,0.843,1.062,4,24.0,21.0,76.0,0,8,9.18,-56.78,0.162,7.75,-29.53,0.263,4.1,-49.55,0.083,9860,0.7559,0.77,0.7212,0.7456,1.25,14,43.0,41.6,69.0,1,9,6.27,-80.45,0.078,6.9,-33.44,0.206,5.22,-56.4,0.093,5069,0.7293,0.7222,0.7558,0.739,1.641,11,23.0,25.6,55.0,2,10,7.0,-61.37,0.114,4.89,-31.02,0.158,-0.15,-65.81,-0.002,False,0.7322500000000001,1.2795
"ma_band(L=150,b=0.02,k=1)",ma_band,"{""L"": 150, ""b"": 0.02, ""k"": 1}",13841,0.7533,0.7552,0.7443,0.7497,2.037,9,30.0,34.8,82.0,0,41,7.77,-49.15,0.158,6.38,-38.65,0.165,3.82,-47.92,0.08,5212,0.8394,0.8329,0.895,0.864,2.124,4,8.5,9.8,38.0,0,17,9.18,-56.78,0.162,6.89,-24.87,0.277,2.12,-37.62,0.056,9860,0.7739,0.7837,0.7499,0.7668,1.651,14,24.0,30.9,61.5,0,14,6.27,-80.45,0.078,7.7,-35.62,0.216,6.75,-50.39,0.134,5069,0.7238,0.7057,0.7912,0.7485,2.896,11,14.5,20.1,47.5,1,20,7.0,-61.37,0.114,3.99,-36.92,0.108,-2.14,-75.99,-0.028,False,0.7582500000000001,1.8439999999999999
"ma_band(L=150,b=0.02,k=3)",ma_band,"{""L"": 150, ""b"": 0.02, ""k"": 3}",13841,0.7547,0.7664,0.6998,0.7331,1.455,9,48.0,62.8,84.0,0,28,7.77,-49.15,0.158,6.08,-38.46,0.158,3.33,-51.8,0.064,5212,0.8436,0.8368,0.9024,0.8696,1.448,4,13.0,13.2,40.0,0,12,9.18,-56.78,0.162,6.54,-22.12,0.296,1.49,-46.02,0.032,9860,0.7644,0.777,0.7334,0.7552,1.501,14,30.5,34.3,63.5,0,11,6.27,-80.45,0.078,6.43,-39.05,0.165,4.3,-54.6,0.079,5069,0.7165,0.6992,0.781,0.7401,2.124,11,17.0,21.6,53.0,2,14,7.0,-61.37,0.114,3.58,-39.9,0.09,-2.81,-76.33,-0.037,False,0.74415,1.478
"ma_band(L=150,b=0.02,k=5)",ma_band,"{""L"": 150, ""b"": 0.02, ""k"": 5}",13841,0.7554,0.7697,0.6882,0.729,1.237,9,56.0,66.3,97.0,0,22,7.77,-49.15,0.158,6.51,-33.24,0.196,4.19,-43.89,0.095,5212,0.8354,0.8289,0.8913,0.8601,1.158,4,15.0,14.8,52.0,0,9,9.18,-56.78,0.162,7.27,-24.96,0.291,2.88,-42.17,0.068,9860,0.7671,0.779,0.738,0.7585,1.3,14,32.5,34.9,80.0,0,8,6.27,-80.45,0.078,6.69,-33.22,0.201,4.81,-57.18,0.084,5069,0.7199,0.7047,0.7763,0.7405,1.737,11,19.0,23.1,51.0,2,11,7.0,-61.37,0.114,4.6,-35.76,0.129,-0.86,-70.02,-0.012,False,0.7437499999999999,1.2685
"ma_band(L=150,b=0.02,k=10)",ma_band,"{""L"": 150, ""b"": 0.02, ""k"": 10}",13841,0.7638,0.7867,0.6561,0.7214,0.909,9,61.0,76.6,102.0,0,14,7.77,-49.15,0.158,6.87,-34.55,0.199,4.94,-49.21,0.1,5212,0.8463,0.8484,0.8287,0.8385,0.869,4,26.5,23.2,77.0,0,6,9.18,-56.78,0.162,7.72,-29.53,0.261,4.07,-55.55,0.073,9860,0.7446,0.7526,0.725,0.7388,1.1,14,43.0,45.0,76.0,1,8,6.27,-80.45,0.078,6.58,-31.22,0.211,4.56,-50.35,0.09,5069,0.7122,0.6942,0.7791,0.7367,1.255,11,24.0,22.8,61.0,2,6,7.0,-61.37,0.114,5.69,-30.61,0.186,1.25,-57.7,0.022,False,0.7301,1.0045000000000002
"ma_band(L=150,b=0.03,k=1)",ma_band,"{""L"": 150, ""b"": 0.03, ""k"": 1}",13841,0.7536,0.7632,0.708,0.7356,1.309,9,40.0,52.1,93.0,0,23,7.77,-49.15,0.158,6.98,-28.24,0.247,4.97,-45.49,0.109,5212,0.831,0.8201,0.9245,0.8723,1.448,4,9.5,10.2,38.0,0,12,9.18,-56.78,0.162,7.41,-20.35,0.364,3.02,-33.62,0.09,9860,0.765,0.77,0.7527,0.7614,1.601,14,29.0,31.9,62.0,0,13,6.27,-80.45,0.078,6.24,-39.21,0.159,3.85,-57.11,0.067,5069,0.7066,0.6817,0.7996,0.7407,2.124,11,15.0,19.1,48.0,1,13,7.0,-61.37,0.114,3.83,-36.8,0.104,-2.52,-77.0,-0.033,False,0.7484999999999999,1.455
"ma_band(L=150,b=0.03,k=3)",ma_band,"{""L"": 150, ""b"": 0.03, ""k"": 3}",13841,0.7511,0.7645,0.6882,0.7264,1.164,9,49.0,68.9,95.0,0,21,7.77,-49.15,0.158,6.19,-33.24,0.186,3.53,-54.14,0.065,5212,0.8344,0.8278,0.8913,0.8596,1.158,4,14.5,14.8,40.0,0,9,9.18,-56.78,0.162,7.24,-20.15,0.359,2.79,-36.59,0.076,9860,0.7568,0.7666,0.7327,0.7497,1.3,14,34.5,37.3,79.0,0,9,6.27,-80.45,0.078,6.54,-33.43,0.196,4.48,-57.54,0.078,5069,0.7195,0.6902,0.8285,0.7594,1.448,11,17.0,16.9,52.0,2,8,7.0,-61.37,0.114,5.06,-35.65,0.142,-0.1,-63.74,-0.002,False,0.7380500000000001,1.232
"ma_band(L=150,b=0.03,k=5)",ma_band,"{""L"": 150, ""b"": 0.03, ""k"": 5}",13841,0.7588,0.7813,0.6532,0.7172,0.909,9,62.0,77.2,97.0,0,15,7.77,-49.15,0.158,6.84,-33.24,0.206,4.84,-42.98,0.113,5212,0.8473,0.8471,0.849,0.848,0.772,4,23.5,20.5,53.0,0,5,9.18,-56.78,0.162,7.92,-31.56,0.251,4.23,-53.09,0.08,9860,0.7601,0.7612,0.7576,0.7594,1.1,14,36.5,40.1,83.0,0,7,6.27,-80.45,0.078,6.38,-31.71,0.201,4.15,-55.51,0.075,5069,0.7132,0.6909,0.7959,0.7434,1.351,11,24.0,20.8,56.0,2,7,7.0,-61.37,0.114,5.03,-36.34,0.138,-0.07,-65.97,-0.001,False,0.7383,1.0045000000000002
"ma_band(L=150,b=0.03,k=10)",ma_band,"{""L"": 150, ""b"": 0.03, ""k"": 10}",13841,0.7507,0.7807,0.6095,0.6951,0.764,9,90.0,95.2,102.0,0,12,7.77,-49.15,0.158,6.72,-33.24,0.202,4.65,-45.3,0.103,5212,0.8392,0.8475,0.768,0.8077,0.772,4,30.0,31.5,78.0,0,5,9.18,-56.78,0.162,7.35,-29.53,0.249,3.45,-55.38,0.062,9860,0.7559,0.7623,0.7401,0.7512,0.9,14,45.0,50.7,79.0,1,5,6.27,-80.45,0.078,6.88,-38.04,0.181,5.15,-44.53,0.116,5069,0.7045,0.7025,0.712,0.7072,1.158,11,33.0,27.5,62.0,3,6,7.0,-61.37,0.114,5.01,-36.42,0.138,0.1,-68.0,0.001,True,0.72315,0.8320000000000001
"ma_band(L=150,b=0.05,k=1)",ma_band,"{""L"": 150, ""b"": 0.05, ""k"": 1}",13841,0.742,0.7602,0.6561,0.7082,0.909,9,72.0,84.4,96.0,0,16,7.77,-49.15,0.158,6.66,-20.71,0.322,4.33,-46.67,0.093,5212,0.8306,0.8272,0.86,0.8436,0.869,4,21.0,19.0,51.0,0,6,9.18,-56.78,0.162,7.74,-23.91,0.324,3.74,-43.34,0.086,9860,0.7667,0.7607,0.7815,0.7711,1.05,14,34.0,39.3,74.0,0,7,6.27,-80.45,0.078,6.44,-36.29,0.177,4.18,-52.11,0.08,5069,0.6885,0.6502,0.8313,0.7407,1.448,11,15.0,16.5,55.0,1,8,7.0,-61.37,0.114,3.7,-42.66,0.087,-2.87,-78.93,-0.036,False,0.73965,0.9795
"ma_band(L=150,b=0.05,k=3)",ma_band,"{""L"": 150, ""b"": 0.05, ""k"": 3}",13841,0.777,0.8119,0.6128,0.7124,0.764,9,96.0,96.1,99.0,0,12,7.77,-49.15,0.158,6.31,-33.51,0.188,3.84,-58.43,0.066,5212,0.8285,0.834,0.7808,0.8074,0.772,4,29.0,29.8,53.0,0,5,9.18,-56.78,0.162,6.83,-24.37,0.28,2.16,-50.34,0.043,9860,0.7721,0.7806,0.7513,0.7659,0.9,14,41.0,46.1,82.0,0,4,6.27,-80.45,0.078,6.52,-34.89,0.187,4.44,-54.03,0.082,5069,0.71,0.6809,0.8183,0.7496,1.158,11,17.0,18.1,57.0,2,5,7.0,-61.37,0.114,4.62,-40.37,0.114,-0.91,-61.18,-0.015,True,0.73915,0.8320000000000001
"ma_band(L=150,b=0.05,k=5)",ma_band,"{""L"": 150, ""b"": 0.05, ""k"": 5}",13841,0.7928,0.8338,0.5996,0.7167,0.655,9,103.0,99.7,101.0,0,9,7.77,-49.15,0.158,6.66,-33.24,0.2,4.59,-40.67,0.113,5212,0.8158,0.8227,0.7569,0.7898,0.772,4,31.0,33.0,81.0,0,5,9.18,-56.78,0.162,6.4,-28.3,0.226,1.48,-53.05,0.028,9860,0.7746,0.7997,0.7131,0.7564,0.8,14,44.0,56.8,84.0,1,3,6.27,-80.45,0.078,6.77,-43.32,0.156,5.01,-55.6,0.09,5069,0.7112,0.7095,0.7176,0.7135,0.965,11,30.0,30.1,59.0,2,3,7.0,-61.37,0.114,5.49,-37.85,0.145,0.87,-55.41,0.016,True,0.73655,0.7275
"ma_band(L=150,b=0.05,k=10)",ma_band,"{""L"": 150, ""b"": 0.05, ""k"": 10}",13841,0.8011,0.8562,0.5419,0.699,0.546,9,122.0,115.2,124.0,0,6,7.77,-49.15,0.158,7.11,-33.24,0.214,5.56,-40.64,0.137,5212,0.8079,0.8261,0.6519,0.739,0.676,4,48.0,47.2,86.0,0,4,9.18,-56.78,0.162,5.93,-33.91,0.175,0.81,-63.21,0.013,9860,0.7692,0.8134,0.6605,0.7369,0.75,14,49.5,72.2,89.5,2,3,6.27,-80.45,0.078,6.26,-52.36,0.12,4.11,-63.56,0.065,5069,0.6828,0.7147,0.5638,0.6393,0.869,11,35.0,45.1,45.0,4,4,7.0,-61.37,0.114,4.36,-40.36,0.108,-0.89,-65.93,-0.013,True,0.71795,0.648
"ma_band(L=200,b=0.0,k=1)",ma_band,"{""L"": 200, ""b"": 0.0, ""k"": 1}",13841,0.7681,0.7786,0.7184,0.7485,5.674,9,30.0,39.4,85.0,0,116,7.77,-49.15,0.158,7.23,-30.95,0.234,5.91,-41.62,0.142,5212,0.855,0.8529,0.8729,0.8629,6.564,4,8.5,9.2,44.0,0,55,9.18,-56.78,0.162,5.87,-23.09,0.254,0.66,-53.84,0.012,9860,0.784,0.7998,0.745,0.7724,5.352,14,19.0,25.6,60.0,0,54,6.27,-80.45,0.078,7.13,-33.56,0.212,6.02,-49.01,0.123,5069,0.7485,0.7412,0.7754,0.7583,8.494,11,14.0,14.6,48.0,1,67,7.0,-61.37,0.114,3.27,-34.49,0.095,-2.93,-79.85,-0.037,False,0.7604500000000001,5.513
"ma_band(L=200,b=0.0,k=3)",ma_band,"{""L"": 200, ""b"": 0.0, ""k"": 3}",13841,0.7655,0.7772,0.7101,0.7437,2.582,9,37.0,54.9,96.0,0,52,7.77,-49.15,0.158,6.9,-36.88,0.187,5.04,-50.86,0.099,5212,0.8534,0.8533,0.8545,0.8539,2.51,4,13.0,12.0,46.0,0,20,9.18,-56.78,0.162,6.68,-24.75,0.27,1.88,-41.44,0.045,9860,0.78,0.7987,0.7341,0.7664,2.451,14,34.5,35.8,62.0,0,22,6.27,-80.45,0.078,7.12,-39.6,0.18,5.78,-58.36,0.099,5069,0.7433,0.7395,0.7577,0.7486,4.054,11,16.0,16.9,50.0,2,30,7.0,-61.37,0.114,2.95,-39.95,0.074,-3.66,-80.89,-0.045,False,0.75505,2.5164999999999997
"ma_band(L=200,b=0.0,k=5)",ma_band,"{""L"": 200, ""b"": 0.0, ""k"": 5}",13841,0.7645,0.7777,0.7027,0.7402,1.928,9,48.0,62.4,98.0,0,39,7.77,-49.15,0.158,7.05,-33.24,0.212,5.31,-36.55,0.145,5212,0.8502,0.8494,0.8564,0.8529,2.027,4,15.0,13.5,61.0,0,16,9.18,-56.78,0.162,6.86,-22.57,0.304,2.23,-46.05,0.048,9860,0.7739,0.7967,0.718,0.7573,1.901,14,35.0,35.8,68.5,1,18,6.27,-80.45,0.078,7.19,-37.98,0.189,5.89,-55.62,0.106,5069,0.7364,0.7342,0.7446,0.7394,3.089,11,18.0,22.1,54.0,2,23,7.0,-61.37,0.114,2.41,-45.24,0.053,-4.71,-85.59,-0.055,False,0.74875,1.9144999999999999
"ma_band(L=200,b=0.0,k=10)",ma_band,"{""L"": 200, ""b"": 0.0, ""k"": 10}",13841,0.7658,0.7839,0.6804,0.7322,1.455,9,60.0,69.0,103.0,0,27,7.77,-49.15,0.158,6.24,-34.61,0.18,3.73,-49.98,0.075,5212,0.8511,0.8526,0.8379,0.8453,1.062,4,24.0,22.0,66.0,0,8,9.18,-56.78,0.162,7.76,-33.84,0.229,4.16,-52.46,0.079,9860,0.7633,0.786,0.7075,0.7467,1.35,14,40.0,41.3,73.5,1,9,6.27,-80.45,0.078,6.86,-36.98,0.186,5.2,-55.81,0.093,5069,0.7337,0.7395,0.712,0.7258,1.93,11,23.0,26.0,59.0,2,11,7.0,-61.37,0.114,4.85,-39.5,0.123,-0.1,-65.0,-0.002,False,0.7394499999999999,1.4025
"ma_band(L=200,b=0.01,k=1)",ma_band,"{""L"": 200, ""b"": 0.01, ""k"": 1}",13841,0.7628,0.7726,0.7167,0.7447,2.255,9,36.0,46.9,96.0,0,44,7.77,-49.15,0.158,7.43,-20.71,0.359,5.94,-35.06,0.169,5212,0.8502,0.8479,0.8692,0.8586,2.992,4,9.5,10.2,57.0,0,23,9.18,-56.78,0.162,6.63,-23.01,0.288,1.74,-46.07,0.038,9860,0.7778,0.7926,0.7415,0.767,2.501,14,33.5,34.1,62.0,0,22,6.27,-80.45,0.078,6.63,-40.09,0.165,4.74,-59.39,0.08,5069,0.74,0.731,0.7735,0.7523,4.537,11,14.5,17.5,51.0,1,34,7.0,-61.37,0.114,2.93,-37.2,0.079,-3.94,-82.15,-0.048,False,0.75585,2.378
"ma_band(L=200,b=0.01,k=3)",ma_band,"{""L"": 200, ""b"": 0.01, ""k"": 3}",13841,0.7618,0.7737,0.7056,0.7397,1.564,9,48.0,63.6,98.0,0,30,7.77,-49.15,0.158,6.73,-33.51,0.201,4.62,-45.33,0.102,5212,0.8438,0.8443,0.8398,0.842,1.737,4,14.5,14.2,62.0,0,12,9.18,-56.78,0.162,7.03,-23.42,0.3,2.49,-34.81,0.071,9860,0.7701,0.7876,0.7271,0.7573,1.751,14,35.5,37.6,68.0,0,14,6.27,-80.45,0.078,6.41,-37.3,0.172,4.3,-55.48,0.078,5069,0.7406,0.7347,0.7623,0.7485,2.51,11,17.0,20.1,53.0,2,17,7.0,-61.37,0.114,3.8,-40.74,0.093,-2.24,-76.51,-0.029,False,0.7484999999999999,1.6575
"ma_band(L=200,b=0.01,k=5)",ma_band,"{""L"": 200, ""b"": 0.01, ""k"": 5}",13841,0.7639,0.777,0.7023,0.7396,1.346,9,56.0,67.1,100.0,0,26,7.77,-49.15,0.158,6.73,-33.24,0.202,4.62,-44.97,0.103,5212,0.8561,0.8589,0.8324,0.8456,1.255,4,22.5,20.0,64.0,0,9,9.18,-56.78,0.162,7.03,-29.48,0.239,2.59,-50.24,0.052,9860,0.7623,0.7829,0.7117,0.7473,1.551,14,37.0,39.5,70.0,1,12,6.27,-80.45,0.078,6.35,-41.24,0.154,4.2,-58.62,0.072,5069,0.7364,0.7345,0.7437,0.7391,2.027,11,19.0,22.3,55.0,2,12,7.0,-61.37,0.114,3.7,-40.83,0.091,-2.41,-78.28,-0.031,False,0.7434499999999999,1.4485000000000001
"ma_band(L=200,b=0.01,k=10)",ma_band,"{""L"": 200, ""b"": 0.01, ""k"": 10}",13841,0.7648,0.787,0.6602,0.7236,0.909,9,77.0,80.8,105.0,0,15,7.77,-49.15,0.158,7.28,-33.24,0.219,5.75,-44.38,0.13,5212,0.8411,0.8494,0.7698,0.8096,0.772,4,30.0,31.2,77.0,0,5,9.18,-56.78,0.162,7.83,-29.53,0.265,4.27,-52.03,0.082,9860,0.7566,0.7759,0.7092,0.7425,1.2,14,42.5,48.1,76.0,2,9,6.27,-80.45,0.078,5.94,-41.44,0.143,3.37,-62.32,0.054,5069,0.7191,0.7217,0.7092,0.7155,1.448,11,34.0,28.7,60.0,2,7,7.0,-61.37,0.114,4.29,-35.53,0.121,-1.21,-68.86,-0.018,False,0.73305,1.0545
"ma_band(L=200,b=0.02,k=1)",ma_band,"{""L"": 200, ""b"": 0.02, ""k"": 1}",13841,0.7662,0.7792,0.7052,0.7422,1.527,9,47.0,63.2,99.0,0,29,7.77,-49.15,0.158,6.9,-22.5,0.307,4.87,-43.1,0.113,5212,0.8386,0.8357,0.8637,0.8497,1.93,4,10.5,10.8,58.0,0,13,9.18,-56.78,0.162,7.21,-22.01,0.328,2.72,-35.55,0.077,9860,0.7644,0.7821,0.7208,0.7515,1.751,14,34.0,38.0,73.0,0,13,6.27,-80.45,0.078,6.22,-33.94,0.183,3.86,-50.29,0.077,5069,0.7299,0.7185,0.7726,0.7455,2.799,11,14.5,18.8,52.0,1,19,7.0,-61.37,0.114,3.9,-36.21,0.108,-2.29,-76.24,-0.03,False,0.74685,1.6389999999999998
"ma_band(L=200,b=0.02,k=3)",ma_band,"{""L"": 200, ""b"": 0.02, ""k"": 3}",13841,0.7729,0.7878,0.7031,0.7454,1.127,9,55.0,69.2,101.0,0,21,7.77,-49.15,0.158,6.79,-34.25,0.198,4.72,-46.64,0.101,5212,0.8388,0.8402,0.8269,0.8336,1.062,4,21.5,19.2,62.0,0,7,9.18,-56.78,0.162,7.95,-24.45,0.325,4.19,-34.81,0.12,9860,0.7575,0.7689,0.7296,0.7492,1.4,14,35.0,38.5,70.0,1,11,6.27,-80.45,0.078,6.38,-37.33,0.171,4.18,-59.02,0.071,5069,0.7282,0.7182,0.7651,0.7417,1.93,11,24.0,21.9,54.0,2,12,7.0,-61.37,0.114,4.2,-36.66,0.115,-1.57,-71.07,-0.022,False,0.7473,1.2635
"ma_band(L=200,b=0.02,k=5)",ma_band,"{""L"": 200, ""b"": 0.02, ""k"": 5}",13841,0.7684,0.7885,0.6738,0.7312,0.946,9,73.0,77.1,103.0,0,16,7.77,-49.15,0.158,7.12,-33.24,0.214,5.41,-43.04,0.126,5212,0.8519,0.8541,0.8324,0.8433,0.772,4,23.5,22.8,64.0,0,5,9.18,-56.78,0.162,7.6,-32.1,0.237,3.73,-52.22,0.071,9860,0.7667,0.7814,0.7306,0.756,1.1,14,37.0,42.5,72.0,1,7,6.27,-80.45,0.078,6.88,-31.71,0.217,5.18,-55.12,0.094,5069,0.7232,0.7162,0.7493,0.7328,1.544,11,26.0,24.1,56.0,2,8,7.0,-61.37,0.114,4.49,-36.12,0.124,-1.01,-65.84,-0.015,False,0.7436,1.0230000000000001
"ma_band(L=200,b=0.02,k=10)",ma_band,"{""L"": 200, ""b"": 0.02, ""k"": 10}",13841,0.7682,0.8006,0.6157,0.7082,0.691,9,89.0,94.9,108.0,0,10,7.77,-49.15,0.158,7.53,-33.24,0.227,6.27,-42.49,0.148,5212,0.8315,0.8409,0.7514,0.7961,0.772,4,34.5,33.8,83.0,0,5,9.18,-56.78,0.162,6.99,-29.53,0.237,2.74,-54.9,0.05,9860,0.749,0.7794,0.6741,0.7268,0.95,14,44.5,61.9,79.5,2,6,6.27,-80.45,0.078,6.12,-41.11,0.149,3.76,-51.41,0.073,5069,0.7212,0.7265,0.7018,0.7141,1.062,11,35.0,32.0,62.0,2,4,7.0,-61.37,0.114,5.36,-36.88,0.145,0.83,-63.54,0.013,True,0.7175,0.8205
"ma_band(L=200,b=0.03,k=1)",ma_band,"{""L"": 200, ""b"": 0.03, ""k"": 1}",13841,0.7682,0.7807,0.7093,0.745,1.018,9,54.0,68.3,101.0,0,18,7.77,-49.15,0.158,7.4,-25.69,0.288,5.8,-43.65,0.133,5212,0.8377,0.8368,0.8453,0.841,1.062,4,17.0,16.8,65.0,0,7,9.18,-56.78,0.162,8.05,-22.02,0.366,4.29,-37.73,0.114,9860,0.7642,0.7656,0.7608,0.7632,1.35,14,27.0,34.3,70.0,0,10,6.27,-80.45,0.078,6.17,-33.9,0.182,3.69,-55.75,0.066,5069,0.7293,0.7107,0.7987,0.7547,1.834,11,18.5,20.0,54.0,1,11,7.0,-61.37,0.114,3.25,-36.57,0.089,-3.46,-81.95,-0.042,False,0.7541,1.1840000000000002
"ma_band(L=200,b=0.03,k=3)",ma_band,"{""L"": 200, ""b"": 0.03, ""k"": 3}",13841,0.764,0.7897,0.6429,0.7163,0.836,9,76.0,88.4,107.5,0,14,7.77,-49.15,0.158,7.08,-34.37,0.206,5.3,-48.21,0.11,5212,0.8386,0.8434,0.7974,0.8204,0.772,4,24.5,27.5,76.0,0,5,9.18,-56.78,0.162,7.52,-24.06,0.312,3.44,-43.95,0.078,9860,0.7598,0.7714,0.7313,0.7514,1.1,14,38.0,43.3,78.5,1,7,6.27,-80.45,0.078,6.37,-35.87,0.177,4.17,-60.46,0.069,5069,0.7169,0.702,0.7726,0.7373,1.448,11,27.0,23.6,56.0,2,8,7.0,-61.37,0.114,4.1,-40.49,0.101,-1.8,-67.51,-0.027,False,0.73385,0.968
"ma_band(L=200,b=0.03,k=5)",ma_band,"{""L"": 200, ""b"": 0.03, ""k"": 5}",13841,0.7704,0.7996,0.633,0.7163,0.691,9,78.0,90.2,109.5,0,10,7.77,-49.15,0.158,7.41,-33.24,0.223,5.98,-41.44,0.144,5212,0.8383,0.846,0.7716,0.8088,0.772,4,30.5,31.0,78.0,0,5,9.18,-56.78,0.162,7.74,-26.74,0.29,4.08,-50.48,0.081,9860,0.7486,0.7734,0.6875,0.7305,1.05,14,42.0,52.9,75.5,1,6,6.27,-80.45,0.078,6.12,-35.61,0.172,3.73,-55.39,0.067,5069,0.7138,0.712,0.7204,0.7162,1.062,11,30.0,29.8,58.0,2,4,7.0,-61.37,0.114,5.77,-35.77,0.161,1.46,-60.72,0.024,False,0.7234,0.8705
"ma_band(L=200,b=0.03,k=10)",ma_band,"{""L"": 200, ""b"": 0.03, ""k"": 10}",13841,0.77,0.8069,0.5963,0.7016,0.655,9,102.0,100.1,132.5,0,9,7.77,-49.15,0.158,7.15,-33.24,0.215,5.54,-40.61,0.136,5212,0.8202,0.8364,0.6814,0.7589,0.772,4,44.5,43.2,83.0,0,5,9.18,-56.78,0.162,5.86,-33.75,0.174,0.63,-62.06,0.01,9860,0.7601,0.7847,0.6998,0.7422,0.75,14,48.0,64.8,91.5,2,4,6.27,-80.45,0.078,6.82,-36.48,0.187,5.09,-49.99,0.102,5069,0.6883,0.7152,0.5881,0.6516,0.869,11,35.0,41.4,62.0,4,4,7.0,-61.37,0.114,5.31,-37.28,0.142,0.91,-69.35,0.013,True,0.7219,0.7025
"ma_band(L=200,b=0.05,k=1)",ma_band,"{""L"": 200, ""b"": 0.05, ""k"": 1}",13841,0.7809,0.8115,0.6371,0.7243,0.691,9,83.0,89.9,111.0,0,10,7.77,-49.15,0.158,7.24,-21.94,0.33,5.57,-38.05,0.146,5212,0.8331,0.8304,0.8564,0.8434,0.772,4,22.0,19.5,76.0,0,5,9.18,-56.78,0.162,7.75,-23.91,0.324,3.78,-45.17,0.084,9860,0.7528,0.7606,0.7338,0.7472,0.85,14,29.5,50.4,79.5,0,4,6.27,-80.45,0.078,6.78,-33.38,0.203,4.85,-52.44,0.093,5069,0.7116,0.6957,0.7707,0.7332,1.158,11,20.5,23.0,57.0,1,4,7.0,-61.37,0.114,3.56,-44.61,0.08,-2.9,-75.09,-0.039,True,0.73575,0.7705
"ma_band(L=200,b=0.05,k=3)",ma_band,"{""L"": 200, ""b"": 0.05, ""k"": 3}",13841,0.7814,0.8217,0.5913,0.7065,0.655,9,102.0,102.2,131.5,0,9,7.77,-49.15,0.158,6.63,-33.71,0.197,4.5,-45.9,0.098,5212,0.8043,0.8152,0.7109,0.763,0.772,4,37.5,39.2,90.0,0,5,9.18,-56.78,0.162,6.17,-24.41,0.253,0.87,-59.68,0.015,9860,0.7717,0.7829,0.7443,0.7636,0.7,14,38.0,55.5,73.0,1,4,6.27,-80.45,0.078,7.23,-28.86,0.25,5.82,-53.59,0.109,5069,0.7388,0.736,0.7493,0.7426,0.965,11,28.0,26.3,59.0,2,3,7.0,-61.37,0.114,4.62,-46.72,0.099,-0.66,-69.72,-0.009,True,0.73505,0.6775
"ma_band(L=200,b=0.05,k=5)",ma_band,"{""L"": 200, ""b"": 0.05, ""k"": 5}",13841,0.7804,0.8219,0.5847,0.7033,0.618,9,104.0,104.0,133.5,0,8,7.77,-49.15,0.158,6.61,-33.24,0.199,4.49,-39.9,0.112,5212,0.7926,0.8057,0.6796,0.7426,0.772,4,43.0,43.5,92.0,0,5,9.18,-56.78,0.162,5.38,-28.77,0.187,-0.47,-62.25,-0.008,9860,0.7689,0.7846,0.7303,0.7574,0.65,14,42.0,61.9,83.0,2,4,6.27,-80.45,0.078,7.27,-31.28,0.232,5.92,-49.63,0.119,5069,0.7063,0.7342,0.6021,0.6681,0.772,11,35.0,43.9,76.0,2,1,7.0,-61.37,0.114,4.79,-39.51,0.121,-0.2,-68.68,-0.003,True,0.73035,0.634
"ma_band(L=200,b=0.05,k=10)",ma_band,"{""L"": 200, ""b"": 0.05, ""k"": 10}",13841,0.7808,0.8306,0.5464,0.6885,0.546,9,119.0,116.0,138.5,0,6,7.77,-49.15,0.158,6.41,-33.24,0.193,4.14,-45.41,0.091,5212,0.8162,0.8353,0.6519,0.7436,0.676,4,48.0,47.2,97.0,0,4,9.18,-56.78,0.162,5.45,-33.69,0.162,-0.08,-62.07,-0.001,9860,0.7587,0.7823,0.7008,0.7415,0.6,14,47.0,68.9,103.0,2,3,6.27,-80.45,0.078,6.62,-45.37,0.146,4.67,-59.9,0.078,5069,0.6763,0.7262,0.4902,0.6082,0.772,11,40.0,56.4,66.0,4,3,7.0,-61.37,0.114,3.94,-41.51,0.095,-1.55,-76.89,-0.02,True,0.7150000000000001,0.573
"ma_band(L=250,b=0.0,k=1)",ma_band,"{""L"": 250, ""b"": 0.0, ""k"": 1}",13841,0.7781,0.7962,0.6928,0.7445,4.764,9,36.0,45.8,101.5,0,91,7.77,-49.15,0.158,7.42,-23.85,0.311,6.25,-37.04,0.169,5212,0.8553,0.8593,0.8214,0.8403,5.695,4,10.5,10.8,71.0,0,43,9.18,-56.78,0.162,6.16,-22.51,0.274,1.2,-51.1,0.024,9854,0.7825,0.8012,0.7366,0.7689,4.805,14,17.0,29.8,53.5,0,49,6.27,-80.45,0.078,6.42,-40.38,0.159,4.58,-63.68,0.072,5069,0.7579,0.7605,0.7484,0.7544,8.494,11,14.0,15.1,51.0,1,61,7.0,-61.37,0.114,3.36,-41.4,0.081,-2.64,-78.65,-0.034,False,0.7567,4.7844999999999995
"ma_band(L=250,b=0.0,k=3)",ma_band,"{""L"": 250, ""b"": 0.0, ""k"": 3}",13841,0.7765,0.7956,0.6866,0.7411,2.182,9,48.0,63.0,108.0,0,40,7.77,-49.15,0.158,7.27,-33.24,0.219,5.79,-45.98,0.126,5212,0.85,0.8563,0.7956,0.8259,2.317,4,20.5,18.8,76.0,0,18,9.18,-56.78,0.162,6.76,-20.1,0.336,2.11,-47.48,0.044,9854,0.7772,0.7982,0.7257,0.762,2.252,14,25.0,42.9,59.0,1,22,6.27,-80.45,0.078,6.81,-30.81,0.221,5.14,-52.15,0.099,5069,0.7518,0.756,0.7363,0.7461,2.992,11,17.0,20.8,53.0,2,21,7.0,-61.37,0.114,5.41,-45.5,0.119,0.99,-72.38,0.014,False,0.7515499999999999,2.2169999999999996
"ma_band(L=250,b=0.0,k=5)",ma_band,"{""L"": 250, ""b"": 0.0, ""k"": 5}",13841,0.7778,0.7963,0.6907,0.7435,1.527,9,57.0,65.7,110.0,0,29,7.77,-49.15,0.158,7.54,-33.24,0.227,6.28,-42.25,0.149,5212,0.8536,0.8623,0.779,0.8206,1.351,4,22.5,22.2,78.0,0,9,9.18,-56.78,0.162,7.13,-28.17,0.253,2.92,-47.91,0.061,9854,0.7721,0.7965,0.712,0.7543,1.602,14,32.0,53.4,64.0,2,16,6.27,-80.45,0.078,7.93,-26.75,0.297,7.34,-41.64,0.176,5069,0.7457,0.7528,0.7195,0.7361,2.124,11,19.0,22.3,55.0,2,12,7.0,-61.37,0.114,5.41,-43.89,0.123,0.93,-73.84,0.013,False,0.7489,1.5645
"ma_band(L=250,b=0.0,k=10)",ma_band,"{""L"": 250, ""b"": 0.0, ""k"": 10}",13841,0.7662,0.7897,0.6557,0.7227,0.909,9,77.0,82.3,132.0,0,15,7.77,-49.15,0.158,7.49,-33.24,0.225,6.17,-39.04,0.158,5212,0.8557,0.8664,0.7643,0.8153,1.158,4,27.5,26.0,83.0,0,8,9.18,-56.78,0.162,6.95,-34.05,0.204,2.78,-52.75,0.053,9854,0.7631,0.7901,0.6969,0.7435,1.101,14,37.0,59.8,69.5,2,9,6.27,-80.45,0.078,7.31,-29.58,0.247,6.06,-44.34,0.137,5069,0.741,0.7558,0.6859,0.7208,1.544,11,31.0,27.8,62.0,2,7,7.0,-61.37,0.114,4.61,-41.96,0.11,-0.47,-77.59,-0.006,False,0.7331000000000001,1.005
"ma_band(L=250,b=0.01,k=1)",ma_band,"{""L"": 250, ""b"": 0.01, ""k"": 1}",13841,0.7735,0.7905,0.6936,0.742,2.037,9,38.0,48.7,108.0,0,38,7.77,-49.15,0.158,7.02,-24.27,0.289,5.19,-42.84,0.121,5212,0.8505,0.8537,0.8232,0.8385,2.799,4,13.5,15.0,75.0,0,22,9.18,-56.78,0.162,6.38,-20.11,0.317,1.32,-49.3,0.027,9854,0.778,0.7969,0.7313,0.7641,2.252,14,19.0,40.3,57.5,0,20,6.27,-80.45,0.078,6.58,-32.31,0.204,4.63,-50.96,0.091,5069,0.75,0.7533,0.7381,0.7457,3.764,11,18.5,19.4,53.0,1,24,7.0,-61.37,0.114,3.91,-43.13,0.091,-1.96,-73.84,-0.027,False,0.75305,2.1445
"ma_band(L=250,b=0.01,k=3)",ma_band,"{""L"": 250, ""b"": 0.01, ""k"": 3}",13841,0.7747,0.7954,0.6771,0.7362,1.2,9,49.0,73.2,112.5,0,21,7.77,-49.15,0.158,7.47,-33.24,0.225,6.11,-43.31,0.141,5212,0.8523,0.8582,0.8011,0.8297,1.641,4,21.5,19.5,77.0,0,12,9.18,-56.78,0.162,6.18,-25.34,0.244,0.97,-58.32,0.017,9854,0.7702,0.7955,0.7082,0.7518,1.451,14,31.5,55.4,62.5,2,15,6.27,-80.45,0.078,7.17,-32.09,0.223,5.8,-48.42,0.12,5069,0.7437,0.7472,0.7307,0.739,1.737,11,24.0,22.0,57.0,2,8,7.0,-61.37,0.114,5.86,-40.2,0.146,1.73,-70.17,0.025,False,0.744,1.3255
"ma_band(L=250,b=0.01,k=5)",ma_band,"{""L"": 250, ""b"": 0.01, ""k"": 5}",13841,0.7675,0.791,0.6569,0.724,0.946,9,75.0,84.8,132.0,0,17,7.77,-49.15,0.158,7.57,-33.24,0.228,6.3,-37.08,0.17,5212,0.8582,0.8664,0.7882,0.8273,1.158,4,23.5,23.0,79.0,0,8,9.18,-56.78,0.162,6.41,-28.76,0.223,1.55,-55.16,0.028,9854,0.7689,0.7948,0.7054,0.7501,1.151,14,33.5,57.4,65.0,2,10,6.27,-80.45,0.078,7.36,-29.79,0.247,6.16,-42.52,0.145,5069,0.7453,0.7513,0.7232,0.7372,1.544,11,26.0,23.6,59.0,2,7,7.0,-61.37,0.114,5.0,-43.06,0.116,0.11,-73.83,0.001,False,0.73705,1.0485
"ma_band(L=250,b=0.01,k=10)",ma_band,"{""L"": 250, ""b"": 0.01, ""k"": 10}",13841,0.7638,0.7944,0.6198,0.7071,0.727,9,89.0,94.8,137.0,0,11,7.77,-49.15,0.158,7.4,-33.24,0.223,6.01,-38.39,0.157,5212,0.8469,0.8653,0.6888,0.777,0.772,4,43.0,42.2,84.0,0,5,9.18,-56.78,0.162,7.3,-33.53,0.218,3.46,-54.79,0.063,9854,0.7574,0.7855,0.6882,0.7369,1.001,14,44.0,62.5,78.0,2,7,6.27,-80.45,0.078,6.44,-41.98,0.153,4.35,-47.97,0.091,5069,0.7319,0.748,0.6719,0.71,1.255,11,31.0,28.9,64.0,2,4,7.0,-61.37,0.114,4.78,-41.62,0.115,-0.17,-74.62,-0.002,False,0.722,0.8639999999999999
"ma_band(L=250,b=0.02,k=1)",ma_band,"{""L"": 250, ""b"": 0.02, ""k"": 1}",13841,0.7734,0.7907,0.692,0.7413,1.055,9,47.0,72.3,112.5,0,18,7.77,-49.15,0.158,7.24,-34.73,0.208,5.6,-49.22,0.114,5212,0.8461,0.8492,0.8195,0.8344,1.544,4,17.5,17.2,76.0,0,11,9.18,-56.78,0.162,6.69,-24.43,0.274,1.84,-52.55,0.035,9854,0.7732,0.7941,0.7219,0.758,1.501,14,24.5,48.0,59.5,0,15,6.27,-80.45,0.078,6.97,-30.69,0.227,5.37,-45.42,0.118,5069,0.738,0.7352,0.7484,0.7418,2.124,11,20.0,20.1,56.0,1,11,7.0,-61.37,0.114,4.32,-38.1,0.113,-1.41,-72.57,-0.019,False,0.7496499999999999,1.278
"ma_band(L=250,b=0.02,k=3)",ma_band,"{""L"": 250, ""b"": 0.02, ""k"": 3}",13841,0.7653,0.7898,0.6499,0.7198,0.8,9,76.0,86.8,131.0,0,13,7.77,-49.15,0.158,7.67,-33.24,0.231,6.47,-33.24,0.195,5212,0.8475,0.8565,0.7698,0.8131,1.158,4,22.0,22.0,85.0,0,7,9.18,-56.78,0.162,6.08,-25.61,0.238,0.79,-51.56,0.015,9854,0.7652,0.7897,0.705,0.7473,1.151,14,38.0,58.4,71.0,2,10,6.27,-80.45,0.078,6.71,-31.85,0.211,4.87,-48.28,0.101,5069,0.7333,0.737,0.7195,0.7282,1.544,11,27.0,23.3,58.0,2,7,7.0,-61.37,0.114,4.0,-47.17,0.085,-1.85,-76.82,-0.024,False,0.7335499999999999,0.9755
"ma_band(L=250,b=0.02,k=5)",ma_band,"{""L"": 250, ""b"": 0.02, ""k"": 5}",13841,0.7658,0.7932,0.6371,0.7151,0.727,9,78.0,90.2,133.0,0,11,7.77,-49.15,0.158,7.42,-33.24,0.223,6.0,-37.52,0.16,5212,0.8371,0.8426,0.7901,0.8163,0.869,4,24.0,23.5,98.0,0,5,9.18,-56.78,0.162,7.47,-26.74,0.279,3.52,-51.22,0.069,9854,0.7671,0.7952,0.698,0.7466,1.001,14,40.0,60.4,75.0,2,7,6.27,-80.45,0.078,6.83,-32.82,0.208,5.12,-45.87,0.112,5069,0.7323,0.7417,0.6971,0.7194,1.448,11,29.0,26.0,60.0,2,6,7.0,-61.37,0.114,4.52,-44.04,0.103,-0.77,-74.06,-0.01,False,0.73085,0.8639999999999999
"ma_band(L=250,b=0.02,k=10)",ma_band,"{""L"": 250, ""b"": 0.02, ""k"": 10}",13841,0.7612,0.7953,0.6008,0.6981,0.691,9,102.0,100.1,138.0,0,10,7.77,-49.15,0.158,7.18,-33.24,0.216,5.58,-34.56,0.161,5212,0.8264,0.8428,0.6851,0.7639,0.772,4,43.5,42.8,103.0,0,5,9.18,-56.78,0.162,6.61,-32.0,0.206,2.07,-57.25,0.036,9854,0.7664,0.7872,0.7152,0.7512,0.701,14,45.0,63.4,103.0,2,4,6.27,-80.45,0.078,7.41,-36.6,0.203,6.21,-51.5,0.121,5069,0.7013,0.709,0.6729,0.6909,0.965,11,35.0,31.3,65.0,2,2,7.0,-61.37,0.114,5.57,-32.48,0.172,1.2,-69.18,0.017,True,0.72465,0.696
"ma_band(L=250,b=0.03,k=1)",ma_band,"{""L"": 250, ""b"": 0.03, ""k"": 1}",13841,0.7674,0.7886,0.6676,0.7281,0.8,9,72.0,83.4,130.0,0,13,7.77,-49.15,0.158,7.29,-35.05,0.208,5.7,-49.73,0.115,5212,0.8434,0.8454,0.8269,0.8361,0.965,4,21.0,19.0,76.0,0,6,9.18,-56.78,0.162,7.7,-25.45,0.302,3.71,-42.67,0.087,9854,0.7644,0.7838,0.7166,0.7502,1.201,14,29.5,50.3,70.5,0,9,6.27,-80.45,0.078,6.49,-30.09,0.216,4.39,-45.95,0.096,5069,0.7258,0.7232,0.7353,0.7293,1.737,11,20.0,21.1,58.0,1,8,7.0,-61.37,0.114,3.98,-38.47,0.103,-2.07,-76.67,-0.027,False,0.73915,1.0005000000000002
"ma_band(L=250,b=0.03,k=3)",ma_band,"{""L"": 250, ""b"": 0.03, ""k"": 3}",13841,0.7754,0.803,0.6454,0.7242,0.691,9,77.0,89.4,132.0,0,10,7.77,-49.15,0.158,7.49,-33.24,0.225,6.14,-33.24,0.185,5212,0.8302,0.8404,0.7422,0.7913,0.869,4,30.5,30.5,96.0,0,5,9.18,-56.78,0.162,6.41,-24.06,0.267,1.36,-53.67,0.025,9854,0.7662,0.7862,0.7169,0.7516,0.851,14,40.0,60.8,73.5,2,6,6.27,-80.45,0.078,7.33,-35.41,0.207,6.04,-49.77,0.121,5069,0.7224,0.724,0.7167,0.7203,1.255,11,27.0,23.9,60.0,2,4,7.0,-61.37,0.114,4.24,-47.83,0.089,-1.42,-77.58,-0.018,True,0.7379,0.7709999999999999
"ma_band(L=250,b=0.03,k=5)",ma_band,"{""L"": 250, ""b"": 0.03, ""k"": 5}",13841,0.7785,0.8095,0.6326,0.721,0.655,9,86.0,92.9,134.0,0,9,7.77,-49.15,0.158,7.23,-33.24,0.217,5.64,-37.13,0.152,5212,0.8218,0.8349,0.709,0.7719,0.772,4,39.5,39.5,98.0,0,5,9.18,-56.78,0.162,7.73,-26.74,0.289,4.06,-53.17,0.076,9854,0.7827,0.8062,0.725,0.7656,0.651,14,44.0,63.2,75.5,2,3,6.27,-80.45,0.078,7.94,-33.83,0.235,7.3,-50.09,0.146,5069,0.7197,0.7287,0.6859,0.7073,1.062,11,30.0,29.9,62.0,2,3,7.0,-61.37,0.114,5.6,-36.32,0.154,1.25,-66.32,0.019,True,0.7433,0.653
"ma_band(L=250,b=0.03,k=10)",ma_band,"{""L"": 250, ""b"": 0.03, ""k"": 10}",13841,0.768,0.809,0.5748,0.6919,0.618,9,107.0,106.4,139.0,0,8,7.77,-49.15,0.158,6.91,-33.24,0.208,5.09,-38.86,0.131,5212,0.8218,0.8381,0.6814,0.7597,0.676,4,44.5,43.2,103.0,0,4,9.18,-56.78,0.162,6.49,-33.02,0.197,1.85,-61.15,0.03,9854,0.7644,0.7931,0.6938,0.7434,0.601,14,49.0,68.5,106.0,2,2,6.27,-80.45,0.078,6.91,-45.34,0.152,5.25,-66.17,0.079,5069,0.6761,0.6999,0.5871,0.6435,0.869,11,34.0,41.6,67.0,4,4,7.0,-61.37,0.114,5.03,-36.42,0.138,0.33,-71.65,0.005,True,0.7176499999999999,0.6094999999999999
"ma_band(L=250,b=0.05,k=1)",ma_band,"{""L"": 250, ""b"": 0.05, ""k"": 1}",13841,0.7724,0.8054,0.6173,0.7113,0.655,9,101.0,97.0,134.0,0,9,7.77,-49.15,0.158,6.55,-35.46,0.185,4.28,-50.41,0.085,5212,0.8141,0.8173,0.7864,0.8018,0.772,4,27.5,29.0,99.0,0,5,9.18,-56.78,0.162,6.38,-23.91,0.267,1.18,-58.66,0.02,9854,0.7736,0.7848,0.7461,0.7654,0.701,14,21.5,51.7,66.0,0,3,6.27,-80.45,0.078,7.19,-31.06,0.232,5.72,-49.38,0.116,5069,0.7309,0.729,0.7381,0.7335,1.158,11,20.5,24.2,62.0,1,3,7.0,-61.37,0.114,3.84,-40.62,0.094,-2.27,-80.32,-0.028,True,0.7383500000000001,0.6779999999999999
"ma_band(L=250,b=0.05,k=3)",ma_band,"{""L"": 250, ""b"": 0.05, ""k"": 3}",13841,0.7622,0.8022,0.5736,0.6879,0.655,9,115.0,108.8,137.5,0,9,7.77,-49.15,0.158,6.27,-33.24,0.189,3.79,-44.4,0.085,5212,0.798,0.81,0.6943,0.7522,0.772,4,42.0,41.5,101.0,0,5,9.18,-56.78,0.162,5.7,-26.74,0.213,0.08,-61.63,0.001,9854,0.7648,0.7848,0.7155,0.7502,0.651,14,44.0,65.4,91.0,2,4,6.27,-80.45,0.078,6.75,-36.02,0.187,4.92,-56.05,0.088,5069,0.6964,0.7025,0.6738,0.6881,0.869,11,28.0,35.3,74.0,2,2,7.0,-61.37,0.114,5.14,-39.37,0.131,0.32,-69.97,0.005,True,0.71905,0.653
"ma_band(L=250,b=0.05,k=5)",ma_band,"{""L"": 250, ""b"": 0.05, ""k"": 5}",13841,0.767,0.8095,0.567,0.6882,0.582,9,117.0,110.6,139.5,0,7,7.77,-49.15,0.158,6.6,-33.24,0.199,4.47,-41.76,0.107,5212,0.8081,0.8235,0.6759,0.7497,0.676,4,44.0,44.0,103.0,0,4,9.18,-56.78,0.162,5.73,-30.99,0.185,0.35,-55.18,0.006,9854,0.7645,0.7877,0.7075,0.7476,0.551,14,46.0,67.3,100.0,2,2,6.27,-80.45,0.078,6.8,-51.17,0.133,5.01,-65.86,0.076,5069,0.6627,0.6989,0.5275,0.6132,0.869,11,44.0,52.8,76.0,2,2,7.0,-61.37,0.114,4.22,-40.42,0.104,-1.26,-74.93,-0.017,True,0.7179,0.5665
"ma_band(L=250,b=0.05,k=10)",ma_band,"{""L"": 250, ""b"": 0.05, ""k"": 10}",13841,0.7929,0.8413,0.5649,0.7031,0.436,9,122.0,117.2,144.5,0,4,7.77,-49.15,0.158,7.18,-33.24,0.216,5.66,-42.41,0.134,5212,0.8314,0.8526,0.6483,0.7504,0.579,4,75.0,56.0,108.0,1,4,9.18,-56.78,0.162,6.15,-35.58,0.173,1.39,-60.83,0.023,9854,0.7689,0.8007,0.691,0.7458,0.5,14,43.0,72.6,75.5,4,3,6.27,-80.45,0.078,7.5,-50.13,0.15,6.46,-65.54,0.099,5069,0.6238,0.6739,0.4371,0.5555,0.869,11,64.0,64.6,78.0,4,4,7.0,-61.37,0.114,2.18,-48.69,0.045,-4.94,-87.65,-0.056,True,0.72445,0.46799999999999997
"dd_rally(x=0.07,y=0.07)",dd_rally,"{""x"": 0.07, ""y"": 0.07}",13841,0.7713,0.8118,0.581,0.6964,2.837,9,22.0,28.1,4.0,0,46,7.77,-49.15,0.158,5.1,-46.64,0.109,1.68,-60.92,0.028,5212,0.8287,0.8593,0.5654,0.7123,4.151,4,8.5,10.5,1.5,0,27,9.18,-56.78,0.162,3.07,-59.37,0.052,-4.11,-73.26,-0.056,9860,0.7505,0.8336,0.5461,0.6899,4.151,14,16.5,25.4,3.5,0,36,6.27,-80.45,0.078,5.04,-70.1,0.072,2.34,-82.07,0.029,5069,0.696,0.7515,0.4893,0.6204,6.033,11,15.0,16.5,4.0,0,34,7.0,-61.37,0.114,2.35,-52.78,0.045,-4.28,-78.51,-0.054,False,0.6931499999999999,3.4939999999999998
"dd_rally(x=0.07,y=0.1)",dd_rally,"{""x"": 0.07, ""y"": 0.1}",13841,0.7261,0.7172,0.7678,0.7425,2.073,9,22.0,28.1,7.0,0,39,7.77,-49.15,0.158,5.32,-37.15,0.143,1.74,-59.91,0.029,5212,0.7753,0.7762,0.768,0.7721,3.185,4,8.5,10.5,1.5,0,24,9.18,-56.78,0.162,3.96,-38.58,0.103,-3.09,-63.17,-0.049,9860,0.7316,0.7536,0.6777,0.7156,3.251,14,16.5,24.4,7.5,0,33,6.27,-80.45,0.078,4.41,-58.36,0.076,0.61,-78.48,0.008,5069,0.6212,0.6201,0.6253,0.6227,4.488,11,14.0,15.2,10.0,0,25,7.0,-61.37,0.114,3.23,-38.5,0.084,-3.39,-73.18,-0.046,False,0.72905,2.662
"dd_rally(x=0.07,y=0.12)",dd_rally,"{""x"": 0.07, ""y"": 0.12}",13841,0.6987,0.6713,0.8276,0.7495,1.873,9,22.0,28.1,12.0,0,37,7.77,-49.15,0.158,4.51,-41.1,0.11,0.02,-69.47,0.0,5212,0.7364,0.7207,0.8711,0.7959,2.751,4,4.0,5.0,3.5,0,22,9.18,-56.78,0.162,3.58,-31.5,0.114,-4.07,-66.58,-0.061,9860,0.719,0.6957,0.7762,0.7359,2.551,14,15.5,22.3,17.0,0,28,6.27,-80.45,0.078,5.52,-48.46,0.114,2.39,-70.59,0.034,5069,0.5565,0.5253,0.6729,0.5991,3.909,11,14.0,15.2,12.0,0,24,7.0,-61.37,0.114,2.59,-28.9,0.09,-5.05,-77.19,-0.065,False,0.7427,2.212
"dd_rally(x=0.07,y=0.15)",dd_rally,"{""x"": 0.07, ""y"": 0.15}",13841,0.6413,0.5879,0.8924,0.7402,1.473,9,20.0,23.4,31.0,0,30,7.77,-49.15,0.158,4.63,-28.02,0.165,-0.01,-68.99,-0.0,5212,0.6333,0.5969,0.9466,0.7718,2.172,4,1.5,3.8,4.0,0,17,9.18,-56.78,0.162,3.15,-25.35,0.124,-5.24,-73.88,-0.071,9860,0.6814,0.6221,0.8274,0.7247,2.051,14,10.5,17.9,27.5,0,21,6.27,-80.45,0.078,4.93,-51.15,0.096,0.96,-72.89,0.013,5069,0.5068,0.4284,0.7987,0.6136,3.137,11,1.0,9.5,17.0,0,17,7.0,-61.37,0.114,1.67,-35.72,0.047,-7.27,-88.73,-0.082,False,0.73245,1.762
"dd_rally(x=0.07,y=0.2)",dd_rally,"{""x"": 0.07, ""y"": 0.2}",13841,0.5662,0.4943,0.9047,0.6995,1.291,9,20.0,25.7,63.0,0,27,7.77,-49.15,0.158,2.58,-35.41,0.073,-4.08,-94.78,-0.043,5212,0.5416,0.4926,0.9632,0.7279,1.496,4,4.0,5.0,10.5,0,12,9.18,-56.78,0.162,3.78,-20.8,0.182,-4.53,-69.23,-0.065,9860,0.63,0.5149,0.913,0.714,1.45,14,10.5,17.7,54.0,0,15,6.27,-80.45,0.078,4.87,-38.72,0.126,0.36,-67.2,0.005,5069,0.4642,0.3446,0.9096,0.6271,1.979,11,0.0,8.8,38.0,0,10,7.0,-61.37,0.114,3.23,-30.2,0.107,-4.98,-77.86,-0.064,False,0.70675,1.3704999999999998
"dd_rally(x=0.1,y=0.07)",dd_rally,"{""x"": 0.1, ""y"": 0.07}",13841,0.8111,0.9092,0.3493,0.6292,1.709,9,76.0,83.9,4.0,0,23,7.77,-49.15,0.158,6.53,-43.88,0.149,4.72,-54.52,0.087,5212,0.9056,0.9604,0.4346,0.6975,2.22,4,20.0,19.5,1.5,0,8,9.18,-56.78,0.162,6.97,-58.58,0.119,3.68,-68.34,0.054,9860,0.783,0.9349,0.4093,0.6721,2.801,14,29.0,36.1,2.5,0,15,6.27,-80.45,0.078,5.17,-72.24,0.072,3.05,-73.65,0.041,5069,0.7964,0.9137,0.3597,0.6367,3.571,11,21.0,22.3,2.0,0,13,7.0,-61.37,0.114,5.03,-59.4,0.085,1.46,-68.97,0.021,False,0.65065,2.255
"dd_rally(x=0.1,y=0.1)",dd_rally,"{""x"": 0.1, ""y"": 0.1}",13841,0.8056,0.8641,0.5299,0.697,1.418,9,76.0,83.9,7.0,0,21,7.77,-49.15,0.158,6.42,-36.7,0.175,4.27,-46.25,0.092,5212,0.8876,0.9148,0.6538,0.7843,1.641,4,20.0,19.5,1.5,0,8,9.18,-56.78,0.162,9.15,-34.05,0.269,7.35,-37.18,0.198,9860,0.7904,0.8837,0.5609,0.7223,2.251,14,29.0,36.1,7.5,0,15,6.27,-80.45,0.078,5.61,-49.62,0.113,3.4,-56.02,0.061,5069,0.7398,0.8086,0.4837,0.6461,3.089,11,21.0,22.3,10.0,0,12,7.0,-61.37,0.114,4.49,-52.2,0.086,-0.21,-68.82,-0.003,False,0.70965,1.8344999999999998
"dd_rally(x=0.1,y=0.12)",dd_rally,"{""x"": 0.1, ""y"": 0.12}",13841,0.7914,0.832,0.6004,0.7162,1.273,9,76.0,83.9,12.0,0,20,7.77,-49.15,0.158,6.18,-38.67,0.16,3.67,-51.84,0.071,5212,0.8741,0.8903,0.7348,0.8126,1.448,4,20.0,19.5,3.5,0,8,9.18,-56.78,0.162,8.86,-28.96,0.306,6.56,-38.82,0.169,9860,0.7795,0.8211,0.6773,0.7492,1.851,14,29.0,36.1,17.0,0,14,6.27,-80.45,0.078,6.51,-45.27,0.144,4.78,-59.5,0.08,5069,0.695,0.7372,0.5377,0.6375,2.799,11,21.0,22.3,12.0,0,12,7.0,-61.37,0.114,4.34,-40.24,0.108,-0.92,-62.2,-0.015,False,0.7326999999999999,1.5619999999999998
"dd_rally(x=0.1,y=0.15)",dd_rally,"{""x"": 0.1, ""y"": 0.15}",13841,0.7541,0.7743,0.659,0.7166,1.055,9,76.0,83.9,31.0,0,18,7.77,-49.15,0.158,6.12,-38.55,0.159,3.32,-59.4,0.056,5212,0.834,0.837,0.8085,0.8227,1.158,4,20.0,19.5,4.0,0,6,9.18,-56.78,0.162,8.76,-27.96,0.313,6.11,-39.82,0.153,9860,0.7297,0.7336,0.7201,0.7269,1.601,14,29.0,36.1,27.5,0,12,6.27,-80.45,0.078,5.69,-43.69,0.13,2.84,-48.38,0.059,5069,0.64,0.6489,0.6067,0.6278,2.558,11,21.0,22.3,17.0,0,11,7.0,-61.37,0.114,2.38,-51.42,0.046,-5.01,-86.62,-0.058,False,0.72175,1.3279999999999998
"dd_rally(x=0.1,y=0.2)",dd_rally,"{""x"": 0.1, ""y"": 0.2}",13841,0.7012,0.7038,0.6887,0.6962,0.946,9,76.0,83.9,63.0,0,17,7.77,-49.15,0.158,4.57,-42.92,0.107,0.13,-71.54,0.002,5212,0.7611,0.7501,0.8564,0.8032,0.965,4,20.0,19.5,10.5,0,6,9.18,-56.78,0.162,7.78,-24.15,0.322,3.73,-39.41,0.095,9860,0.7006,0.6504,0.8239,0.7372,1.2,14,29.0,35.9,54.0,0,10,6.27,-80.45,0.078,5.49,-32.77,0.168,2.0,-50.08,0.04,5069,0.5684,0.51,0.7856,0.6478,1.689,11,21.0,20.9,38.0,0,7,7.0,-61.37,0.114,3.95,-43.9,0.09,-2.95,-71.44,-0.041,False,0.7167,1.073
"dd_rally(x=0.12,y=0.07)",dd_rally,"{""x"": 0.12, ""y"": 0.07}",13841,0.8228,0.952,0.2148,0.5834,1.237,9,118.0,116.6,4.0,0,14,7.77,-49.15,0.158,7.11,-48.19,0.148,6.04,-53.94,0.112,5212,0.9104,0.9762,0.3444,0.6603,1.834,4,25.0,30.5,1.5,0,6,9.18,-56.78,0.162,6.65,-57.29,0.116,3.26,-65.94,0.049,9860,0.7852,0.9672,0.3378,0.6525,2.401,14,34.5,49.8,2.5,0,12,6.27,-80.45,0.078,4.16,-80.85,0.051,1.24,-86.75,0.014,5069,0.7992,0.9457,0.2535,0.5996,2.896,11,26.0,26.5,2.0,0,8,7.0,-61.37,0.114,3.94,-69.09,0.057,-0.29,-80.94,-0.004,False,0.61795,1.819
"dd_rally(x=0.12,y=0.1)",dd_rally,"{""x"": 0.12, ""y"": 0.1}",13841,0.8307,0.9262,0.3814,0.6538,1.091,9,118.0,116.6,7.0,0,14,7.77,-49.15,0.158,6.82,-39.0,0.175,5.27,-61.61,0.086,5212,0.9102,0.9542,0.5322,0.7432,1.448,4,25.0,30.5,1.5,0,6,9.18,-56.78,0.162,8.55,-42.16,0.203,6.42,-46.31,0.139,9860,0.7908,0.9251,0.4605,0.6928,2.051,14,34.5,49.8,7.5,0,12,6.27,-80.45,0.078,4.31,-68.45,0.063,1.1,-78.69,0.014,5069,0.7808,0.8769,0.4231,0.65,2.606,11,26.0,26.5,10.0,0,8,7.0,-61.37,0.114,3.4,-60.12,0.057,-1.87,-75.5,-0.025,False,0.6733,1.5710000000000002
"dd_rally(x=0.12,y=0.12)",dd_rally,"{""x"": 0.12, ""y"": 0.12}",13841,0.82,0.8966,0.4594,0.678,0.982,9,118.0,116.6,12.0,0,14,7.77,-49.15,0.158,6.8,-39.18,0.174,5.11,-50.91,0.1,5212,0.9054,0.9377,0.628,0.7828,1.255,4,25.0,30.5,3.5,0,6,9.18,-56.78,0.162,8.75,-36.27,0.241,6.56,-40.56,0.162,9860,0.788,0.8667,0.5945,0.7306,1.751,14,34.5,49.8,17.0,0,12,6.27,-80.45,0.078,5.04,-58.17,0.087,2.13,-69.26,0.031,5069,0.7447,0.8163,0.4781,0.6472,2.413,11,26.0,26.5,12.0,0,8,7.0,-61.37,0.114,2.59,-58.1,0.045,-3.71,-77.09,-0.048,False,0.7043,1.3664999999999998
"dd_rally(x=0.12,y=0.15)",dd_rally,"{""x"": 0.12, ""y"": 0.15}",13841,0.7962,0.8559,0.5151,0.6855,0.909,9,118.0,116.6,31.0,0,14,7.77,-49.15,0.158,6.1,-45.43,0.134,3.56,-59.21,0.06,5212,0.8761,0.8951,0.7127,0.8039,1.062,4,25.0,30.5,4.0,0,5,9.18,-56.78,0.162,8.5,-33.79,0.252,5.85,-45.29,0.129,9860,0.727,0.7623,0.6401,0.7012,1.551,14,34.5,49.8,27.5,0,11,6.27,-80.45,0.078,4.15,-61.39,0.068,0.03,-74.11,0.0,5069,0.696,0.7357,0.548,0.6419,2.268,11,26.0,26.5,17.0,0,8,7.0,-61.37,0.114,0.68,-64.48,0.011,-7.64,-90.63,-0.084,False,0.69335,1.23
"dd_rally(x=0.12,y=0.2)",dd_rally,"{""x"": 0.12, ""y"": 0.2}",13841,0.7635,0.8051,0.5674,0.6863,0.836,9,118.0,116.6,63.0,0,14,7.77,-49.15,0.158,4.75,-47.85,0.099,0.76,-75.23,0.01,5212,0.8106,0.8147,0.7753,0.795,0.869,4,25.0,30.5,10.5,0,5,9.18,-56.78,0.162,8.23,-25.98,0.317,4.82,-39.85,0.121,9860,0.7035,0.682,0.7566,0.7193,1.15,14,34.5,49.6,54.0,0,9,6.27,-80.45,0.078,4.57,-41.95,0.109,0.37,-58.95,0.006,5069,0.6086,0.5726,0.7428,0.6577,1.689,11,26.0,25.1,38.0,0,7,7.0,-61.37,0.114,1.27,-56.79,0.022,-7.51,-82.88,-0.091,False,0.7028000000000001,0.9929999999999999
"dd_rally(x=0.15,y=0.07)",dd_rally,"{""x"": 0.15, ""y"": 0.07}",13841,0.8273,0.9781,0.1171,0.5476,0.727,9,132.0,149.6,0.0,0,5,7.77,-49.15,0.158,7.64,-45.87,0.167,7.21,-47.76,0.151,5212,0.9112,0.9923,0.2136,0.603,1.351,4,48.0,48.5,1.5,0,4,9.18,-56.78,0.162,6.47,-56.4,0.115,3.15,-64.75,0.049,9860,0.7652,0.988,0.2175,0.6027,1.551,14,45.0,70.7,2.0,0,3,6.27,-80.45,0.078,5.05,-81.96,0.062,3.25,-86.92,0.037,5069,0.8,0.9767,0.1417,0.5592,2.22,11,31.0,33.4,1.0,0,4,7.0,-61.37,0.114,2.36,-72.98,0.032,-2.86,-86.02,-0.033,False,0.57515,1.139
"dd_rally(x=0.15,y=0.1)",dd_rally,"{""x"": 0.15, ""y"": 0.1}",13841,0.8424,0.9624,0.2771,0.6198,0.655,9,132.0,149.6,4.0,0,5,7.77,-49.15,0.158,7.59,-44.21,0.172,6.96,-52.25,0.133,5212,0.9098,0.9743,0.3554,0.6649,1.158,4,48.0,48.5,1.5,0,4,9.18,-56.78,0.162,7.78,-49.56,0.157,5.26,-53.82,0.098,9860,0.7876,0.972,0.3343,0.6532,1.3,14,45.0,70.7,4.5,0,3,6.27,-80.45,0.078,6.33,-64.56,0.098,5.36,-60.58,0.088,5069,0.7994,0.9289,0.3169,0.6229,2.124,11,31.0,33.4,4.0,0,4,7.0,-61.37,0.114,1.81,-68.14,0.027,-4.38,-83.54,-0.052,False,0.6365000000000001,0.9775
"dd_rally(x=0.15,y=0.12)",dd_rally,"{""x"": 0.15, ""y"": 0.12}",13841,0.8505,0.9539,0.3637,0.6588,0.582,9,132.0,149.6,6.0,0,5,7.77,-49.15,0.158,7.96,-45.49,0.175,7.61,-46.66,0.163,5212,0.902,0.9602,0.4015,0.6808,1.062,4,48.0,48.5,3.5,0,4,9.18,-56.78,0.162,7.51,-42.6,0.176,4.53,-43.76,0.103,9860,0.7951,0.9409,0.4367,0.6888,1.15,14,45.0,70.7,17.0,0,3,6.27,-80.45,0.078,6.78,-57.61,0.118,5.91,-59.8,0.099,5069,0.7897,0.9014,0.3737,0.6376,1.93,11,31.0,33.4,11.0,0,4,7.0,-61.37,0.114,1.9,-65.38,0.029,-4.48,-81.73,-0.055,False,0.6738,0.8659999999999999
"dd_rally(x=0.15,y=0.15)",dd_rally,"{""x"": 0.15, ""y"": 0.15}",13841,0.8361,0.9261,0.4128,0.6694,0.546,9,132.0,149.6,31.0,0,5,7.77,-49.15,0.158,7.52,-50.67,0.148,6.55,-59.37,0.11,5212,0.9046,0.9428,0.5764,0.7596,0.965,4,48.0,48.5,4.0,0,4,9.18,-56.78,0.162,6.99,-37.38,0.187,3.31,-51.73,0.064,9860,0.774,0.8953,0.476,0.6856,1.1,14,45.0,70.7,27.5,0,3,6.27,-80.45,0.078,5.65,-62.84,0.09,3.47,-70.26,0.049,5069,0.7637,0.8478,0.4501,0.649,1.786,11,31.0,33.4,14.0,0,4,7.0,-61.37,0.114,0.83,-68.88,0.012,-6.78,-87.11,-0.078,False,0.6775,0.8230000000000001
"dd_rally(x=0.15,y=0.2)",dd_rally,"{""x"": 0.15, ""y"": 0.2}",13841,0.8207,0.9006,0.4449,0.6728,0.509,9,132.0,149.6,63.0,0,5,7.77,-49.15,0.158,6.7,-49.49,0.135,4.83,-61.28,0.079,5212,0.8626,0.8882,0.6427,0.7655,0.772,4,48.0,48.5,10.5,0,4,9.18,-56.78,0.162,7.08,-29.99,0.236,3.07,-51.99,0.059,9860,0.7866,0.8411,0.6528,0.7469,0.85,14,45.0,70.7,54.0,0,3,6.27,-80.45,0.078,5.92,-44.9,0.132,3.48,-56.69,0.061,5069,0.6755,0.6802,0.658,0.6691,1.4,11,31.0,33.4,38.0,0,4,7.0,-61.37,0.114,1.29,-58.8,0.022,-6.9,-86.48,-0.08,False,0.70985,0.6795
"dd_rally(x=0.2,y=0.07)",dd_rally,"{""x"": 0.2, ""y"": 0.07}",13841,0.8388,0.9971,0.0936,0.5454,0.4,9,220.0,197.6,0.0,0,0,7.77,-49.15,0.158,7.45,-48.5,0.154,7.01,-50.32,0.139,5212,0.9075,0.9994,0.1179,0.5586,0.579,4,70.5,85.8,0.5,0,0,9.18,-56.78,0.162,7.41,-60.56,0.122,5.42,-69.4,0.078,9860,0.7373,0.9897,0.1168,0.5533,1.1,14,52.5,99.1,2.0,0,0,6.27,-80.45,0.078,4.85,-85.92,0.056,3.03,-91.2,0.033,5069,0.7952,0.9912,0.0652,0.5282,1.158,11,62.0,62.5,1.0,0,0,7.0,-61.37,0.114,4.65,-57.98,0.08,1.79,-63.39,0.028,False,0.54935,0.75
"dd_rally(x=0.2,y=0.1)",dd_rally,"{""x"": 0.2, ""y"": 0.1}",13841,0.8374,0.9856,0.1398,0.5627,0.4,9,220.0,197.6,4.0,0,0,7.77,-49.15,0.158,7.2,-52.21,0.138,6.43,-56.06,0.115,5212,0.9177,0.9991,0.2173,0.6082,0.483,4,70.5,85.8,1.0,0,0,9.18,-56.78,0.162,9.14,-48.22,0.189,8.46,-51.54,0.164,9860,0.7453,0.9785,0.1722,0.5753,1.0,14,52.5,99.1,4.5,0,0,6.27,-80.45,0.078,5.03,-82.45,0.061,3.18,-87.32,0.036,5069,0.7858,0.977,0.0736,0.5253,1.158,11,62.0,62.5,2.0,0,0,7.0,-61.37,0.114,3.41,-61.56,0.055,-0.71,-69.7,-0.01,False,0.569,0.7
"dd_rally(x=0.2,y=0.12)",dd_rally,"{""x"": 0.2, ""y"": 0.12}",13841,0.846,0.9806,0.212,0.5963,0.364,9,220.0,197.6,6.0,0,0,7.77,-49.15,0.158,7.51,-53.3,0.141,6.99,-58.1,0.12,5212,0.9196,0.9983,0.2431,0.6207,0.483,4,70.5,85.8,1.5,0,0,9.18,-56.78,0.162,8.82,-46.26,0.191,7.63,-50.99,0.15,9860,0.7641,0.9571,0.2897,0.6234,0.95,14,52.5,99.1,17.0,0,0,6.27,-80.45,0.078,5.21,-76.96,0.068,3.23,-84.09,0.038,5069,0.7893,0.967,0.1277,0.5473,1.158,11,62.0,62.5,4.0,0,0,7.0,-61.37,0.114,3.2,-61.72,0.052,-1.32,-70.67,-0.019,False,0.60985,0.657
"dd_rally(x=0.2,y=0.15)",dd_rally,"{""x"": 0.2, ""y"": 0.15}",13841,0.8318,0.9589,0.2334,0.5962,0.364,9,220.0,197.6,31.0,0,0,7.77,-49.15,0.158,6.99,-56.86,0.123,5.82,-64.75,0.09,5212,0.9217,0.9979,0.267,0.6324,0.483,4,70.5,85.8,2.5,0,0,9.18,-56.78,0.162,8.14,-51.09,0.159,6.27,-59.53,0.105,9860,0.7516,0.9195,0.3388,0.6292,0.9,14,52.5,99.1,27.5,0,0,6.27,-80.45,0.078,4.6,-78.1,0.059,1.79,-86.59,0.021,5069,0.7818,0.9499,0.1556,0.5528,1.158,11,62.0,62.5,7.0,0,0,7.0,-61.37,0.114,1.7,-68.87,0.025,-4.3,-82.47,-0.052,False,0.6127,0.632
"dd_rally(x=0.2,y=0.2)",dd_rally,"{""x"": 0.2, ""y"": 0.2}",13841,0.8244,0.9428,0.2668,0.6048,0.327,9,220.0,197.6,63.0,0,0,7.77,-49.15,0.158,6.7,-51.17,0.131,5.17,-55.73,0.093,5212,0.8972,0.9587,0.3683,0.6635,0.386,4,70.5,85.8,10.5,0,0,9.18,-56.78,0.162,9.0,-38.06,0.236,7.45,-44.3,0.168,9860,0.768,0.8716,0.5132,0.6924,0.7,14,52.5,99.1,54.0,0,0,6.27,-80.45,0.078,5.42,-59.34,0.091,2.87,-64.81,0.044,5069,0.7349,0.8356,0.3597,0.5977,1.062,11,62.0,62.5,38.0,0,0,7.0,-61.37,0.114,1.39,-61.96,0.022,-5.7,-85.25,-0.067,False,0.6486000000000001,0.5135
"hybrid(L=150,b=0.0,x=0.05,y=0.1)",hybrid,"{""L"": 150, ""b"": 0.0, ""x"": 0.05, ""y"": 0.1}",13841,0.7646,0.7728,0.7262,0.7495,6.692,9,21.0,22.7,7.0,0,130,7.77,-49.15,0.158,6.9,-42.05,0.164,5.36,-52.98,0.101,5212,0.853,0.8511,0.8692,0.8602,9.942,4,8.0,9.0,1.5,0,83,9.18,-56.78,0.162,4.42,-32.99,0.134,-1.71,-62.78,-0.027,9860,0.7904,0.8013,0.7636,0.7824,7.302,14,17.5,26.6,7.5,0,86,6.27,-80.45,0.078,7.31,-37.87,0.193,6.58,-53.1,0.124,5069,0.7481,0.7387,0.7829,0.7608,14.961,11,10.0,13.1,4.0,1,118,7.0,-61.37,0.114,1.69,-44.46,0.038,-5.22,-84.29,-0.062,False,0.76595,6.997
"hybrid(L=150,b=0.0,x=0.05,y=0.15)",hybrid,"{""L"": 150, ""b"": 0.0, ""x"": 0.05, ""y"": 0.15}",13841,0.7643,0.772,0.7278,0.7499,6.219,9,21.0,22.7,31.0,0,121,7.77,-49.15,0.158,6.9,-41.97,0.165,5.3,-51.32,0.103,5212,0.8525,0.8499,0.8748,0.8623,9.17,4,8.0,9.0,4.0,0,78,9.18,-56.78,0.162,4.1,-31.83,0.129,-2.39,-66.87,-0.036,9860,0.79,0.7991,0.7675,0.7833,6.202,14,17.5,26.6,27.5,0,73,6.27,-80.45,0.078,7.65,-36.97,0.207,7.13,-55.41,0.129,5069,0.7477,0.736,0.7912,0.7636,13.031,11,10.0,13.1,14.0,1,107,7.0,-61.37,0.114,1.16,-48.8,0.024,-6.43,-87.78,-0.073,False,0.7666,6.2105
"hybrid(L=150,b=0.0,x=0.05,y=0.2)",hybrid,"{""L"": 150, ""b"": 0.0, ""x"": 0.05, ""y"": 0.2}",13841,0.7642,0.7718,0.7282,0.75,6.11,9,21.0,22.7,51.0,0,119,7.77,-49.15,0.158,6.88,-43.3,0.159,5.24,-53.71,0.098,5212,0.8523,0.8494,0.8766,0.863,8.88,4,8.0,9.0,10.5,0,76,9.18,-56.78,0.162,4.39,-29.23,0.15,-1.91,-62.26,-0.031,9860,0.7899,0.7985,0.7685,0.7835,5.852,14,17.5,26.6,30.5,0,69,6.27,-80.45,0.078,7.74,-35.55,0.218,7.27,-54.41,0.134,5069,0.7481,0.7357,0.794,0.7649,12.645,11,10.0,13.1,19.0,1,106,7.0,-61.37,0.114,1.65,-44.55,0.037,-5.62,-86.86,-0.065,False,0.76675,5.981
"hybrid(L=150,b=0.0,x=0.08,y=0.1)",hybrid,"{""L"": 150, ""b"": 0.0, ""x"": 0.08, ""y"": 0.1}",13841,0.786,0.8143,0.6528,0.7335,4.037,9,43.0,42.8,7.0,0,74,7.77,-49.15,0.158,7.17,-36.81,0.195,5.72,-44.66,0.128,5212,0.8766,0.8835,0.8177,0.8506,6.178,4,8.5,10.0,1.5,0,46,9.18,-56.78,0.162,5.51,-31.58,0.174,0.13,-47.09,0.003,9860,0.796,0.8154,0.7485,0.7819,6.352,14,22.5,28.2,7.5,0,73,6.27,-80.45,0.078,6.7,-43.44,0.154,5.32,-61.41,0.087,5069,0.753,0.75,0.7642,0.7571,13.32,11,11.0,14.3,4.0,1,103,7.0,-61.37,0.114,1.05,-44.07,0.024,-6.49,-86.62,-0.075,False,0.7577,5.1945
"hybrid(L=150,b=0.0,x=0.08,y=0.15)",hybrid,"{""L"": 150, ""b"": 0.0, ""x"": 0.08, ""y"": 0.15}",13841,0.7856,0.8135,0.6544,0.734,3.564,9,43.0,42.8,31.0,0,65,7.77,-49.15,0.158,7.17,-36.71,0.195,5.66,-42.71,0.132,5212,0.8776,0.8839,0.8232,0.8536,5.309,4,8.5,10.0,4.0,0,40,9.18,-56.78,0.162,5.28,-28.18,0.188,-0.39,-54.13,-0.007,9860,0.7956,0.8132,0.7524,0.7828,5.252,14,22.5,28.2,27.5,0,60,6.27,-80.45,0.078,7.03,-42.62,0.165,5.85,-62.74,0.093,5069,0.7526,0.7472,0.7726,0.7599,11.39,11,11.0,14.3,14.0,1,92,7.0,-61.37,0.114,0.52,-48.44,0.011,-7.68,-89.74,-0.086,False,0.7584,4.4079999999999995
"hybrid(L=150,b=0.0,x=0.08,y=0.2)",hybrid,"{""L"": 150, ""b"": 0.0, ""x"": 0.08, ""y"": 0.2}",13841,0.7856,0.8133,0.6548,0.7341,3.455,9,43.0,42.8,51.0,0,63,7.77,-49.15,0.158,7.14,-38.16,0.187,5.6,-45.52,0.123,5212,0.8759,0.8818,0.825,0.8534,5.116,4,8.5,10.0,10.5,0,39,9.18,-56.78,0.162,5.47,-27.73,0.197,-0.08,-49.0,-0.002,9860,0.7955,0.8127,0.7534,0.783,4.902,14,22.5,28.2,30.5,0,56,6.27,-80.45,0.078,7.12,-41.32,0.172,5.99,-60.1,0.1,5069,0.753,0.747,0.7754,0.7612,11.004,11,11.0,14.3,19.0,1,91,7.0,-61.37,0.114,1.02,-44.16,0.023,-6.88,-88.55,-0.078,False,0.7585500000000001,4.1785
"hybrid(L=150,b=0.0,x=0.1,y=0.1)",hybrid,"{""L"": 150, ""b"": 0.0, ""x"": 0.1, ""y"": 0.1}",13841,0.8082,0.8562,0.5823,0.7192,3.091,9,72.0,75.2,7.0,0,55,7.77,-49.15,0.158,7.4,-37.3,0.198,6.2,-46.99,0.132,5212,0.8839,0.8985,0.7587,0.8286,4.537,4,18.5,17.5,1.5,0,30,9.18,-56.78,0.162,6.11,-32.37,0.189,1.25,-45.53,0.027,9860,0.7903,0.8291,0.6948,0.762,5.352,14,29.5,36.3,7.5,0,60,6.27,-80.45,0.078,6.71,-44.1,0.152,5.33,-60.67,0.088,5069,0.7631,0.774,0.7223,0.7481,10.135,11,20.5,19.5,4.0,1,76,7.0,-61.37,0.114,1.65,-42.72,0.039,-5.53,-83.48,-0.066,False,0.7405999999999999,4.221500000000001
"hybrid(L=150,b=0.0,x=0.1,y=0.15)",hybrid,"{""L"": 150, ""b"": 0.0, ""x"": 0.1, ""y"": 0.15}",13841,0.8078,0.8554,0.5839,0.7196,2.619,9,72.0,75.2,31.0,0,46,7.77,-49.15,0.158,7.4,-37.21,0.199,6.14,-45.0,0.136,5212,0.8851,0.8989,0.7661,0.8325,3.668,4,18.5,17.5,4.0,0,24,9.18,-56.78,0.162,5.91,-28.69,0.206,0.76,-46.32,0.016,9860,0.7888,0.8255,0.6987,0.7621,4.301,14,29.5,36.3,27.5,0,48,6.27,-80.45,0.078,6.95,-43.53,0.16,5.67,-62.03,0.091,5069,0.7629,0.7693,0.739,0.7542,8.494,11,20.5,19.5,14.0,1,67,7.0,-61.37,0.114,0.84,-49.33,0.017,-7.23,-88.67,-0.082,False,0.74085,3.46
"hybrid(L=150,b=0.0,x=0.1,y=0.2)",hybrid,"{""L"": 150, ""b"": 0.0, ""x"": 0.1, ""y"": 0.2}",13841,0.8077,0.8552,0.5843,0.7198,2.509,9,72.0,75.2,51.0,0,44,7.77,-49.15,0.158,7.38,-38.65,0.191,6.08,-47.69,0.128,5212,0.8833,0.8968,0.768,0.8324,3.475,4,18.5,17.5,10.5,0,23,9.18,-56.78,0.162,6.1,-28.25,0.216,1.08,-40.31,0.027,9860,0.7887,0.8249,0.6998,0.7623,3.951,14,29.5,36.3,30.5,0,44,6.27,-80.45,0.078,7.04,-42.26,0.167,5.8,-59.34,0.098,5069,0.7633,0.769,0.7418,0.7554,8.108,11,20.5,19.5,19.0,1,66,7.0,-61.37,0.114,1.33,-45.13,0.03,-6.43,-86.46,-0.074,False,0.74105,3.23
"hybrid(L=150,b=0.02,x=0.05,y=0.1)",hybrid,"{""L"": 150, ""b"": 0.02, ""x"": 0.05, ""y"": 0.1}",13841,0.7541,0.7584,0.734,0.7462,2.8,9,30.0,34.8,7.0,0,55,7.77,-49.15,0.158,6.29,-40.88,0.154,3.74,-50.98,0.073,5212,0.8419,0.8417,0.8435,0.8426,3.571,4,8.5,9.8,1.5,0,27,9.18,-56.78,0.162,6.44,-26.03,0.247,1.48,-47.87,0.031,9860,0.7815,0.7977,0.7418,0.7698,3.301,14,24.0,30.9,7.5,0,34,6.27,-80.45,0.078,7.43,-37.03,0.201,6.46,-51.28,0.126,5069,0.736,0.7247,0.7782,0.7515,5.695,11,14.5,20.1,4.0,1,36,7.0,-61.37,0.114,3.15,-36.53,0.086,-3.3,-78.54,-0.042,False,0.758,3.0505
"hybrid(L=150,b=0.02,x=0.05,y=0.15)",hybrid,"{""L"": 150, ""b"": 0.02, ""x"": 0.05, ""y"": 0.15}",13841,0.7538,0.7566,0.7406,0.7486,2.255,9,30.0,34.8,31.0,0,45,7.77,-49.15,0.158,6.3,-41.0,0.154,3.69,-51.37,0.072,5212,0.8452,0.8398,0.8913,0.8656,2.703,4,8.5,9.8,4.0,0,21,9.18,-56.78,0.162,6.28,-24.58,0.256,1.07,-39.8,0.027,9860,0.7766,0.7887,0.7468,0.7677,2.251,14,24.0,30.9,27.5,0,22,6.27,-80.45,0.078,7.37,-36.58,0.202,6.19,-53.85,0.115,5069,0.7207,0.7075,0.7698,0.7386,3.958,11,14.5,20.1,14.0,1,26,7.0,-61.37,0.114,2.96,-40.1,0.074,-3.87,-79.63,-0.049,False,0.7581500000000001,2.253
"hybrid(L=150,b=0.02,x=0.05,y=0.2)",hybrid,"{""L"": 150, ""b"": 0.02, ""x"": 0.05, ""y"": 0.2}",13841,0.7541,0.7562,0.7443,0.7503,2.218,9,30.0,34.8,63.0,0,45,7.77,-49.15,0.158,6.16,-43.22,0.143,3.42,-55.06,0.062,5212,0.8402,0.8338,0.895,0.8644,2.413,4,8.5,9.8,10.5,0,19,9.18,-56.78,0.162,6.54,-24.87,0.263,1.49,-37.62,0.04,9860,0.7748,0.785,0.7499,0.7675,1.801,14,24.0,30.9,47.5,0,17,6.27,-80.45,0.078,7.6,-35.86,0.212,6.58,-54.69,0.12,5069,0.7272,0.71,0.7912,0.7506,3.475,11,14.5,20.1,20.0,1,25,7.0,-61.37,0.114,3.34,-37.73,0.089,-3.3,-78.39,-0.042,False,0.7588999999999999,2.0095
"hybrid(L=150,b=0.02,x=0.08,y=0.1)",hybrid,"{""L"": 150, ""b"": 0.02, ""x"": 0.08, ""y"": 0.1}",13841,0.7676,0.7858,0.6816,0.7337,2.437,9,46.0,43.8,7.0,0,45,7.77,-49.15,0.158,6.63,-41.9,0.158,4.45,-52.58,0.085,5212,0.8638,0.8664,0.8416,0.854,3.185,4,8.5,10.0,1.5,0,23,9.18,-56.78,0.162,6.93,-27.1,0.256,2.46,-40.21,0.061,9860,0.7834,0.8013,0.7394,0.7703,3.251,14,25.0,31.0,7.5,0,33,6.27,-80.45,0.078,7.35,-37.03,0.198,6.29,-51.46,0.122,5069,0.7347,0.7247,0.7717,0.7482,5.695,11,18.0,20.8,4.0,1,36,7.0,-61.37,0.114,3.12,-36.53,0.085,-3.35,-78.54,-0.043,False,0.752,2.844
"hybrid(L=150,b=0.02,x=0.08,y=0.15)",hybrid,"{""L"": 150, ""b"": 0.02, ""x"": 0.08, ""y"": 0.15}",13841,0.7672,0.784,0.6882,0.7361,1.891,9,46.0,43.8,31.0,0,35,7.77,-49.15,0.158,6.64,-42.02,0.158,4.4,-52.96,0.083,5212,0.867,0.8644,0.8895,0.877,2.317,4,8.5,10.0,4.0,0,17,9.18,-56.78,0.162,6.77,-24.58,0.276,2.04,-39.22,0.052,9860,0.7784,0.7923,0.7443,0.7683,2.201,14,25.0,31.0,27.5,0,21,6.27,-80.45,0.078,7.29,-36.58,0.199,6.02,-54.03,0.111,5069,0.7193,0.7075,0.7633,0.7354,3.958,11,18.0,20.8,14.0,1,26,7.0,-61.37,0.114,2.93,-40.1,0.073,-3.93,-79.63,-0.049,False,0.7522,2.0460000000000003
"hybrid(L=150,b=0.02,x=0.08,y=0.2)",hybrid,"{""L"": 150, ""b"": 0.02, ""x"": 0.08, ""y"": 0.2}",13841,0.7676,0.7836,0.692,0.7378,1.855,9,46.0,43.8,63.0,0,35,7.77,-49.15,0.158,6.51,-44.2,0.147,4.13,-56.52,0.073,5212,0.862,0.8584,0.8932,0.8758,2.027,4,8.5,10.0,10.5,0,15,9.18,-56.78,0.162,7.03,-24.87,0.283,2.47,-37.62,0.066,9860,0.7767,0.7886,0.7475,0.768,1.751,14,25.0,31.0,47.5,0,16,6.27,-80.45,0.078,7.51,-35.99,0.209,6.41,-54.87,0.117,5069,0.7258,0.71,0.7847,0.7473,3.475,11,18.0,20.8,20.0,1,25,7.0,-61.37,0.114,3.31,-37.73,0.088,-3.35,-78.39,-0.043,False,0.7529,1.803
"hybrid(L=150,b=0.02,x=0.1,y=0.1)",hybrid,"{""L"": 150, ""b"": 0.02, ""x"": 0.1, ""y"": 0.1}",13841,0.7916,0.831,0.6062,0.7186,2.0,9,72.0,74.8,7.0,0,35,7.77,-49.15,0.158,7.3,-37.65,0.194,5.83,-45.46,0.128,5212,0.872,0.8837,0.7716,0.8277,2.896,4,18.5,17.5,1.5,0,20,9.18,-56.78,0.162,7.04,-26.65,0.264,2.78,-42.74,0.065,9860,0.7826,0.8162,0.6998,0.758,3.151,14,33.5,38.9,7.5,0,31,6.27,-80.45,0.078,7.02,-39.54,0.177,5.69,-56.01,0.102,5069,0.7388,0.737,0.7456,0.7413,5.502,11,20.5,21.5,4.0,1,34,7.0,-61.37,0.114,2.4,-42.66,0.056,-4.64,-81.61,-0.057,False,0.7383,2.5755
"hybrid(L=150,b=0.02,x=0.1,y=0.15)",hybrid,"{""L"": 150, ""b"": 0.02, ""x"": 0.1, ""y"": 0.15}",13841,0.7913,0.8292,0.6128,0.721,1.455,9,72.0,74.8,31.0,0,25,7.77,-49.15,0.158,7.31,-37.78,0.193,5.77,-45.89,0.126,5212,0.8753,0.8818,0.8195,0.8506,2.027,4,18.5,17.5,4.0,0,14,9.18,-56.78,0.162,6.89,-28.53,0.241,2.36,-47.37,0.05,9860,0.7712,0.7983,0.7047,0.7515,2.151,14,33.5,38.9,27.5,0,20,6.27,-80.45,0.078,6.88,-40.37,0.17,5.26,-59.5,0.088,5069,0.7264,0.719,0.754,0.7365,3.764,11,20.5,21.5,14.0,1,24,7.0,-61.37,0.114,2.44,-45.26,0.054,-4.79,-81.82,-0.059,False,0.73625,1.803
"hybrid(L=150,b=0.02,x=0.1,y=0.2)",hybrid,"{""L"": 150, ""b"": 0.02, ""x"": 0.1, ""y"": 0.2}",13841,0.7916,0.8288,0.6165,0.7227,1.418,9,72.0,74.8,63.0,0,25,7.77,-49.15,0.158,7.17,-40.12,0.179,5.5,-49.99,0.11,5212,0.8703,0.8758,0.8232,0.8495,1.737,4,18.5,17.5,10.5,0,12,9.18,-56.78,0.162,7.15,-28.81,0.248,2.79,-46.23,0.06,9860,0.7695,0.7945,0.7078,0.7512,1.701,14,33.5,38.9,47.5,0,15,6.27,-80.45,0.078,7.1,-37.64,0.189,5.65,-57.96,0.097,5069,0.7329,0.7215,0.7754,0.7484,3.282,11,20.5,21.5,20.0,1,23,7.0,-61.37,0.114,2.82,-43.09,0.065,-4.22,-80.72,-0.052,False,0.73695,1.5594999999999999
"hybrid(L=200,b=0.0,x=0.05,y=0.1)",hybrid,"{""L"": 200, ""b"": 0.0, ""x"": 0.05, ""y"": 0.1}",13841,0.7728,0.785,0.7151,0.75,6.146,9,30.0,39.4,7.0,0,123,7.77,-49.15,0.158,7.11,-31.88,0.223,5.74,-41.41,0.139,5212,0.8596,0.8589,0.8656,0.8622,7.529,4,8.5,9.2,1.5,0,60,9.18,-56.78,0.162,5.56,-31.66,0.176,0.22,-60.26,0.004,9860,0.7856,0.8044,0.7394,0.7719,7.102,14,19.0,25.6,6.0,0,75,6.27,-80.45,0.078,6.57,-40.25,0.163,5.12,-56.47,0.091,5069,0.7502,0.7465,0.7642,0.7554,11.293,11,14.0,14.6,4.0,1,82,7.0,-61.37,0.114,2.96,-37.29,0.08,-3.11,-78.69,-0.039,False,0.76095,6.6240000000000006
"hybrid(L=200,b=0.0,x=0.05,y=0.15)",hybrid,"{""L"": 200, ""b"": 0.0, ""x"": 0.05, ""y"": 0.15}",13841,0.7725,0.7843,0.7171,0.7507,5.674,9,30.0,39.4,31.0,0,115,7.77,-49.15,0.158,7.04,-31.45,0.224,5.55,-41.62,0.133,5212,0.8588,0.8576,0.8692,0.8634,6.757,4,8.5,9.2,4.0,0,54,9.18,-56.78,0.162,5.31,-25.79,0.206,-0.35,-61.98,-0.006,9860,0.7853,0.8025,0.7429,0.7727,5.952,14,19.0,25.6,26.0,0,62,6.27,-80.45,0.078,6.88,-37.54,0.183,5.6,-54.91,0.102,5069,0.75,0.744,0.7726,0.7583,9.459,11,14.0,14.6,14.0,1,72,7.0,-61.37,0.114,2.38,-39.72,0.06,-4.41,-83.6,-0.053,False,0.7617,5.813000000000001
"hybrid(L=200,b=0.0,x=0.05,y=0.2)",hybrid,"{""L"": 200, ""b"": 0.0, ""x"": 0.05, ""y"": 0.2}",13841,0.7723,0.784,0.7175,0.7508,5.528,9,30.0,39.4,63.0,0,112,7.77,-49.15,0.158,6.99,-33.34,0.21,5.43,-41.62,0.13,5212,0.8586,0.8569,0.8729,0.8649,6.274,4,8.5,9.2,10.5,0,51,9.18,-56.78,0.162,5.61,-26.7,0.21,0.16,-59.27,0.003,9860,0.7851,0.8018,0.7439,0.7729,5.552,14,19.0,25.6,31.0,0,57,6.27,-80.45,0.078,7.01,-36.0,0.195,5.81,-52.15,0.111,5069,0.75,0.7432,0.7754,0.7593,8.88,11,14.0,14.6,20.0,1,69,7.0,-61.37,0.114,2.96,-35.37,0.084,-3.45,-81.84,-0.042,False,0.76185,5.539999999999999
"hybrid(L=200,b=0.0,x=0.08,y=0.1)",hybrid,"{""L"": 200, ""b"": 0.0, ""x"": 0.08, ""y"": 0.1}",13841,0.7883,0.815,0.6627,0.7388,3.71,9,46.0,54.1,7.0,0,70,7.77,-49.15,0.158,7.34,-28.43,0.258,6.02,-38.22,0.158,5212,0.8722,0.8771,0.8306,0.8538,5.309,4,8.5,10.0,1.5,0,41,9.18,-56.78,0.162,6.14,-30.41,0.202,1.21,-54.9,0.022,9860,0.7898,0.8137,0.731,0.7723,6.502,14,19.0,25.6,6.0,0,64,6.27,-80.45,0.078,6.14,-43.3,0.142,4.23,-60.79,0.07,5069,0.7522,0.7523,0.7521,0.7522,10.618,11,14.0,15.4,4.0,1,75,7.0,-61.37,0.114,2.34,-39.67,0.059,-4.3,-81.06,-0.053,False,0.7555499999999999,5.106
"hybrid(L=200,b=0.0,x=0.08,y=0.15)",hybrid,"{""L"": 200, ""b"": 0.0, ""x"": 0.08, ""y"": 0.15}",13841,0.788,0.8142,0.6647,0.7395,3.237,9,46.0,54.1,31.0,0,62,7.77,-49.15,0.158,7.27,-27.98,0.26,5.83,-37.07,0.157,5212,0.8728,0.8773,0.8343,0.8558,4.44,4,8.5,10.0,4.0,0,34,9.18,-56.78,0.162,5.97,-24.63,0.242,0.78,-50.14,0.016,9860,0.7895,0.8118,0.7345,0.7731,5.352,14,19.0,25.6,26.0,0,51,6.27,-80.45,0.078,6.44,-40.72,0.158,4.7,-59.39,0.079,5069,0.752,0.7497,0.7605,0.7551,8.784,11,14.0,15.4,14.0,1,65,7.0,-61.37,0.114,1.76,-43.81,0.04,-5.59,-85.42,-0.065,False,0.7563,4.2945
"hybrid(L=200,b=0.0,x=0.08,y=0.2)",hybrid,"{""L"": 200, ""b"": 0.0, ""x"": 0.08, ""y"": 0.2}",13841,0.7879,0.8139,0.6652,0.7395,3.091,9,46.0,54.1,63.0,0,59,7.77,-49.15,0.158,7.21,-29.97,0.241,5.71,-36.4,0.157,5212,0.8713,0.8751,0.8379,0.8565,4.054,4,8.5,10.0,10.5,0,32,9.18,-56.78,0.162,6.2,-25.36,0.244,1.15,-48.2,0.024,9860,0.7892,0.8111,0.7355,0.7733,4.952,14,19.0,25.6,31.0,0,46,6.27,-80.45,0.078,6.57,-39.27,0.167,4.92,-56.9,0.086,5069,0.752,0.749,0.7633,0.7561,8.205,11,14.0,15.4,20.0,1,62,7.0,-61.37,0.114,2.35,-39.33,0.06,-4.63,-83.86,-0.055,False,0.7564,4.0215
"hybrid(L=200,b=0.0,x=0.1,y=0.1)",hybrid,"{""L"": 200, ""b"": 0.0, ""x"": 0.1, ""y"": 0.1}",13841,0.809,0.849,0.621,0.735,2.619,9,72.0,74.8,7.0,0,49,7.77,-49.15,0.158,7.66,-28.34,0.27,6.64,-38.22,0.174,5212,0.8778,0.8895,0.7772,0.8333,4.44,4,18.5,17.5,1.5,0,34,9.18,-56.78,0.162,5.88,-31.93,0.184,0.74,-59.2,0.012,9860,0.7868,0.8235,0.6966,0.7601,5.352,14,19.0,32.5,6.0,0,54,6.27,-80.45,0.078,5.95,-41.94,0.142,3.8,-59.19,0.064,5069,0.7597,0.772,0.7139,0.743,8.687,11,20.5,20.0,4.0,1,61,7.0,-61.37,0.114,2.13,-42.9,0.05,-4.76,-83.46,-0.057,False,0.7475499999999999,3.9855
"hybrid(L=200,b=0.0,x=0.1,y=0.15)",hybrid,"{""L"": 200, ""b"": 0.0, ""x"": 0.1, ""y"": 0.15}",13841,0.8088,0.8482,0.6231,0.7356,2.146,9,72.0,74.8,31.0,0,41,7.77,-49.15,0.158,7.59,-27.89,0.272,6.44,-37.95,0.17,5212,0.8785,0.8897,0.7827,0.8362,3.571,4,18.5,17.5,4.0,0,27,9.18,-56.78,0.162,5.73,-25.75,0.223,0.36,-53.9,0.007,9860,0.7863,0.8214,0.7001,0.7607,4.251,14,19.0,32.5,26.0,0,42,6.27,-80.45,0.078,6.21,-39.3,0.158,4.2,-57.73,0.073,5069,0.7593,0.767,0.7307,0.7488,6.95,11,20.5,20.0,14.0,1,51,7.0,-61.37,0.114,1.51,-45.07,0.034,-6.11,-86.39,-0.071,False,0.7481500000000001,3.1985
"hybrid(L=200,b=0.0,x=0.1,y=0.2)",hybrid,"{""L"": 200, ""b"": 0.0, ""x"": 0.1, ""y"": 0.2}",13841,0.8086,0.8479,0.6235,0.7357,2.0,9,72.0,74.8,63.0,0,38,7.77,-49.15,0.158,7.54,-29.88,0.252,6.32,-37.29,0.169,5212,0.877,0.8876,0.7864,0.837,3.185,4,18.5,17.5,10.5,0,25,9.18,-56.78,0.162,5.96,-26.66,0.223,0.72,-52.96,0.014,9860,0.7861,0.8207,0.7012,0.7609,3.851,14,19.0,32.5,31.0,0,37,6.27,-80.45,0.078,6.34,-37.81,0.168,4.41,-55.14,0.08,5069,0.7593,0.7663,0.7335,0.7499,6.371,11,20.5,20.0,20.0,1,48,7.0,-61.37,0.114,2.1,-40.82,0.051,-5.17,-84.93,-0.061,False,0.7483,2.9255
"hybrid(L=200,b=0.02,x=0.05,y=0.1)",hybrid,"{""L"": 200, ""b"": 0.02, ""x"": 0.05, ""y"": 0.1}",13841,0.769,0.7834,0.7014,0.7424,2.364,9,47.0,63.2,7.0,0,45,7.77,-49.15,0.158,6.93,-27.13,0.255,5.03,-42.0,0.12,5212,0.8463,0.8458,0.8508,0.8483,3.571,4,10.5,10.8,1.5,0,25,9.18,-56.78,0.162,6.86,-31.74,0.216,2.28,-44.26,0.052,9860,0.7675,0.7908,0.7103,0.7506,3.551,14,34.0,38.0,7.5,0,36,6.27,-80.45,0.078,5.95,-37.95,0.157,3.55,-50.38,0.07,5069,0.7368,0.7305,0.7605,0.7455,5.502,11,14.5,18.8,4.0,1,33,7.0,-61.37,0.114,3.76,-37.08,0.101,-2.14,-74.46,-0.029,False,0.7464999999999999,2.9575
"hybrid(L=200,b=0.02,x=0.05,y=0.15)",hybrid,"{""L"": 200, ""b"": 0.02, ""x"": 0.05, ""y"": 0.15}",13841,0.768,0.7814,0.7047,0.7431,1.782,9,47.0,63.2,31.0,0,34,7.77,-49.15,0.158,7.02,-22.5,0.312,5.12,-43.1,0.119,5212,0.8448,0.8439,0.8527,0.8483,2.703,4,10.5,10.8,4.0,0,18,9.18,-56.78,0.162,6.43,-24.75,0.26,1.36,-39.56,0.034,9860,0.7656,0.786,0.7155,0.7508,2.501,14,34.0,38.0,26.5,0,23,6.27,-80.45,0.078,5.8,-42.61,0.136,3.13,-60.68,0.052,5069,0.7325,0.7245,0.7623,0.7434,3.958,11,14.5,18.8,14.0,1,25,7.0,-61.37,0.114,2.69,-47.74,0.056,-4.34,-83.92,-0.052,False,0.74695,2.1414999999999997
"hybrid(L=200,b=0.02,x=0.05,y=0.2)",hybrid,"{""L"": 200, ""b"": 0.02, ""x"": 0.05, ""y"": 0.2}",13841,0.767,0.7801,0.7052,0.7426,1.709,9,47.0,63.2,63.0,0,33,7.77,-49.15,0.158,6.77,-25.95,0.261,4.63,-43.1,0.107,5212,0.8394,0.8366,0.8637,0.8502,2.22,4,10.5,10.8,10.5,0,15,9.18,-56.78,0.162,6.86,-25.67,0.267,2.09,-38.31,0.055,9860,0.7654,0.7836,0.7208,0.7522,2.051,14,34.0,38.0,33.5,0,18,6.27,-80.45,0.078,6.17,-34.27,0.18,3.81,-50.37,0.076,5069,0.7325,0.7217,0.7726,0.7472,3.282,11,14.5,18.8,20.0,1,22,7.0,-61.37,0.114,3.45,-39.97,0.086,-3.08,-79.76,-0.039,False,0.7474000000000001,1.8800000000000001
"hybrid(L=200,b=0.02,x=0.08,y=0.1)",hybrid,"{""L"": 200, ""b"": 0.02, ""x"": 0.08, ""y"": 0.1}",13841,0.7786,0.797,0.692,0.7445,2.182,9,53.0,67.9,7.0,0,41,7.77,-49.15,0.158,6.99,-27.49,0.254,5.16,-45.02,0.115,5212,0.8594,0.8631,0.8269,0.845,3.282,4,10.5,11.0,1.5,0,22,9.18,-56.78,0.162,7.03,-34.03,0.207,2.66,-44.26,0.06,9860,0.769,0.793,0.7099,0.7515,3.551,14,34.0,38.0,7.5,0,36,6.27,-80.45,0.078,5.75,-37.95,0.151,3.16,-51.6,0.061,5069,0.7356,0.7307,0.754,0.7423,5.502,11,18.0,19.5,4.0,1,33,7.0,-61.37,0.114,3.65,-37.48,0.097,-2.35,-75.28,-0.031,False,0.748,2.8665000000000003
"hybrid(L=200,b=0.02,x=0.08,y=0.15)",hybrid,"{""L"": 200, ""b"": 0.02, ""x"": 0.08, ""y"": 0.15}",13841,0.7776,0.7951,0.6953,0.7452,1.6,9,53.0,67.9,31.0,0,30,7.77,-49.15,0.158,7.08,-24.67,0.287,5.25,-46.06,0.114,5212,0.8578,0.8612,0.8287,0.845,2.413,4,10.5,11.0,4.0,0,15,9.18,-56.78,0.162,6.6,-27.27,0.242,1.73,-39.56,0.044,9860,0.767,0.7881,0.7152,0.7517,2.501,14,34.0,38.0,26.5,0,23,6.27,-80.45,0.078,5.6,-42.61,0.131,2.75,-60.68,0.045,5069,0.7313,0.7247,0.7558,0.7403,3.958,11,18.0,19.5,14.0,1,25,7.0,-61.37,0.114,2.57,-48.07,0.054,-4.54,-84.44,-0.054,False,0.7484500000000001,2.0505
"hybrid(L=200,b=0.02,x=0.08,y=0.2)",hybrid,"{""L"": 200, ""b"": 0.02, ""x"": 0.08, ""y"": 0.2}",13841,0.7766,0.7938,0.6957,0.7447,1.527,9,53.0,67.9,63.0,0,29,7.77,-49.15,0.158,6.83,-26.31,0.26,4.76,-46.06,0.103,5212,0.8525,0.8539,0.8398,0.8469,1.93,4,10.5,11.0,10.5,0,12,9.18,-56.78,0.162,7.03,-28.16,0.25,2.46,-38.31,0.064,9860,0.7668,0.7857,0.7204,0.7531,2.051,14,34.0,38.0,33.5,0,18,6.27,-80.45,0.078,5.97,-34.27,0.174,3.43,-54.45,0.063,5069,0.7313,0.722,0.7661,0.744,3.282,11,18.0,19.5,20.0,1,22,7.0,-61.37,0.114,3.33,-40.35,0.083,-3.28,-80.41,-0.041,False,0.7489,1.7890000000000001
"hybrid(L=200,b=0.02,x=0.1,y=0.1)",hybrid,"{""L"": 200, ""b"": 0.02, ""x"": 0.1, ""y"": 0.1}",13841,0.7972,0.834,0.6239,0.729,1.891,9,76.0,88.7,7.0,0,34,7.77,-49.15,0.158,7.22,-27.37,0.264,5.68,-41.24,0.138,5212,0.8651,0.8743,0.7864,0.8303,2.992,4,18.5,17.5,1.5,0,20,9.18,-56.78,0.162,7.05,-33.12,0.213,2.75,-47.17,0.058,9860,0.7691,0.7988,0.6959,0.7474,3.451,14,34.0,38.6,7.5,0,34,6.27,-80.45,0.078,5.72,-40.43,0.142,3.14,-54.05,0.058,5069,0.7412,0.7442,0.7297,0.737,5.405,11,20.5,20.1,4.0,1,32,7.0,-61.37,0.114,2.97,-41.31,0.072,-3.57,-78.47,-0.045,False,0.7382,2.6710000000000003
"hybrid(L=200,b=0.02,x=0.1,y=0.15)",hybrid,"{""L"": 200, ""b"": 0.02, ""x"": 0.1, ""y"": 0.15}",13841,0.7962,0.8321,0.6272,0.7296,1.309,9,76.0,88.7,31.0,0,23,7.77,-49.15,0.158,7.31,-22.28,0.328,5.77,-42.35,0.136,5212,0.8636,0.8723,0.7882,0.8303,2.124,4,18.5,17.5,4.0,0,13,9.18,-56.78,0.162,6.61,-26.27,0.252,1.82,-40.39,0.045,9860,0.7662,0.7927,0.7012,0.7469,2.401,14,34.0,38.6,26.5,0,21,6.27,-80.45,0.078,5.64,-44.9,0.126,2.85,-63.58,0.045,5069,0.7396,0.7375,0.7474,0.7425,3.861,11,20.5,20.1,14.0,1,24,7.0,-61.37,0.114,2.08,-49.98,0.042,-5.41,-86.13,-0.063,False,0.7382500000000001,1.855
"hybrid(L=200,b=0.02,x=0.1,y=0.2)",hybrid,"{""L"": 200, ""b"": 0.02, ""x"": 0.1, ""y"": 0.2}",13841,0.7952,0.8308,0.6276,0.7292,1.237,9,76.0,88.7,63.0,0,22,7.77,-49.15,0.158,7.06,-26.18,0.27,5.28,-42.35,0.125,5212,0.8582,0.8651,0.7993,0.8322,1.641,4,18.5,17.5,10.5,0,10,9.18,-56.78,0.162,7.05,-27.17,0.259,2.55,-38.31,0.067,9860,0.766,0.7903,0.7064,0.7483,1.951,14,34.0,38.6,33.5,0,16,6.27,-80.45,0.078,6.01,-36.9,0.163,3.52,-51.46,0.068,5069,0.7396,0.7347,0.7577,0.7462,3.185,11,20.5,20.1,20.0,1,21,7.0,-61.37,0.114,2.84,-42.54,0.067,-4.16,-82.54,-0.05,False,0.73875,1.594
"hmm(p_on=0.6,p_off=0.4)",hmm,"{""p_on"": 0.6, ""p_off"": 0.4}",13841,0.7192,0.7765,0.4491,0.6128,9.51,9,15.0,41.8,26.0,0,199,7.77,-49.15,0.158,3.53,-32.3,0.109,-0.97,-77.94,-0.012,5212,0.6802,0.6515,0.9263,0.7889,10.907,4,1.5,2.5,63.0,0,104,9.18,-56.78,0.162,3.83,-15.08,0.254,-3.46,-70.93,-0.049,9860,0.705,0.7299,0.6436,0.6868,12.929,14,2.0,4.9,27.5,0,174,6.27,-80.45,0.078,3.93,-64.28,0.061,0.16,-83.03,0.002,5069,0.5115,0.4302,0.8145,0.6224,19.932,11,2.0,3.5,22.0,0,165,7.0,-61.37,0.114,-1.87,-54.34,-0.034,-12.69,-95.9,-0.132,False,0.6497999999999999,11.2195
"hmm(p_on=0.7,p_off=0.3)",hmm,"{""p_on"": 0.7, ""p_off"": 0.3}",13841,0.7139,0.7692,0.4536,0.6114,7.11,9,15.0,43.6,31.0,0,146,7.77,-49.15,0.158,4.08,-32.03,0.127,-0.17,-67.8,-0.003,5212,0.679,0.6505,0.9245,0.7875,7.819,4,1.5,2.5,65.0,0,74,9.18,-56.78,0.162,5.13,-18.52,0.277,-1.33,-57.08,-0.023,9860,0.7025,0.7188,0.6626,0.6907,9.828,14,2.0,5.2,30.0,0,135,6.27,-80.45,0.078,5.57,-47.06,0.118,2.99,-69.55,0.043,5069,0.4981,0.4079,0.8341,0.621,13.707,11,1.0,3.4,22.0,0,114,7.0,-61.37,0.114,-0.73,-45.02,-0.016,-11.3,-94.71,-0.119,False,0.65105,8.469
"hmm(p_on=0.8,p_off=0.3)",hmm,"{""p_on"": 0.8, ""p_off"": 0.3}",13841,0.7231,0.7841,0.4363,0.6102,5.983,9,15.0,44.1,31.0,0,119,7.77,-49.15,0.158,4.22,-33.22,0.127,0.04,-70.58,0.001,5212,0.6905,0.6633,0.9245,0.7939,7.046,4,1.5,2.5,65.0,0,66,9.18,-56.78,0.162,5.07,-19.42,0.261,-1.46,-61.73,-0.024,9860,0.703,0.7245,0.6503,0.6874,9.178,14,3.5,8.0,30.0,0,126,6.27,-80.45,0.078,5.63,-47.29,0.119,3.06,-73.98,0.041,5069,0.5072,0.4227,0.822,0.6223,12.162,11,2.0,3.5,22.0,0,100,7.0,-61.37,0.114,-0.31,-40.68,-0.008,-10.65,-94.2,-0.113,False,0.6488,7.580500000000001
"hmm(p_on=0.8,p_off=0.2)",hmm,"{""p_on"": 0.8, ""p_off"": 0.2}",13841,0.7127,0.7653,0.4647,0.615,5.146,9,15.0,44.1,62.0,0,103,7.77,-49.15,0.158,4.35,-28.7,0.151,0.13,-68.33,0.002,5212,0.6717,0.6408,0.9374,0.7891,6.371,4,1.5,2.5,83.0,0,59,9.18,-56.78,0.162,4.61,-20.0,0.23,-2.46,-68.65,-0.036,9860,0.6904,0.6984,0.6706,0.6845,7.628,14,2.0,7.5,46.0,0,106,6.27,-80.45,0.078,5.12,-48.89,0.105,1.81,-73.13,0.025,5069,0.4873,0.3899,0.85,0.6199,10.425,11,2.0,3.5,25.0,0,87,7.0,-61.37,0.114,-0.06,-32.81,-0.002,-10.47,-94.7,-0.111,False,0.64975,6.3870000000000005
"hmm(p_on=0.9,p_off=0.3)",hmm,"{""p_on"": 0.9, ""p_off"": 0.3}",13841,0.732,0.8007,0.4087,0.6047,5.001,9,29.0,50.2,31.0,0,97,7.77,-49.15,0.158,4.31,-34.83,0.124,0.17,-68.94,0.002,5212,0.6974,0.6727,0.9098,0.7912,6.371,4,4.5,4.5,65.0,0,61,9.18,-56.78,0.162,5.05,-19.86,0.255,-1.53,-59.99,-0.026,9860,0.7112,0.7426,0.6338,0.6882,8.078,14,5.0,8.9,30.0,0,107,6.27,-80.45,0.078,5.83,-49.65,0.117,3.42,-75.19,0.045,5069,0.5246,0.4474,0.8117,0.6296,11.004,11,2.0,4.1,22.0,0,88,7.0,-61.37,0.114,-0.06,-39.82,-0.001,-10.23,-93.21,-0.11,False,0.64645,6.5395
"hmm(p_on=0.9,p_off=0.1)",hmm,"{""p_on"": 0.9, ""p_off"": 0.1}",13841,0.7117,0.7615,0.4775,0.6195,3.764,9,29.0,50.2,64.0,0,74,7.77,-49.15,0.158,4.18,-33.88,0.123,-0.34,-75.55,-0.005,5212,0.6548,0.6213,0.9429,0.7821,4.826,4,4.5,4.5,121.0,0,46,9.18,-56.78,0.162,4.18,-14.75,0.283,-3.46,-72.32,-0.048,9860,0.6866,0.6905,0.677,0.6837,5.577,14,2.5,7.9,57.0,0,73,6.27,-80.45,0.078,4.99,-50.27,0.099,1.34,-75.53,0.018,5069,0.4741,0.3689,0.8658,0.6173,7.432,11,2.0,4.1,36.0,0,60,7.0,-61.37,0.114,0.11,-26.43,0.004,-10.5,-93.31,-0.112,False,0.6516,4.6705
"hmm(p_on=0.95,p_off=0.2)",hmm,"{""p_on"": 0.95, ""p_off"": 0.2}",13841,0.7286,0.7968,0.4074,0.6021,3.546,9,29.0,51.0,62.0,0,68,7.77,-49.15,0.158,4.74,-33.0,0.144,0.83,-63.89,0.013,5212,0.6926,0.668,0.9042,0.7861,5.116,4,4.5,5.2,83.0,0,48,9.18,-56.78,0.162,4.84,-18.02,0.268,-2.08,-66.99,-0.031,9860,0.7054,0.7296,0.6457,0.6877,6.077,14,5.0,12.5,46.0,0,79,6.27,-80.45,0.078,5.03,-50.09,0.1,1.65,-72.3,0.023,5069,0.5212,0.4392,0.8267,0.6329,8.88,11,2.0,4.6,25.0,0,72,7.0,-61.37,0.114,0.68,-32.43,0.021,-9.13,-93.17,-0.098,False,0.6449,4.8115
"hmm(p_on=0.95,p_off=0.05)",hmm,"{""p_on"": 0.95, ""p_off"": 0.05}",13841,0.7035,0.7505,0.4821,0.6163,2.782,9,29.0,49.3,64.5,0,57,7.77,-49.15,0.158,4.2,-34.1,0.123,-0.43,-77.02,-0.006,5212,0.6523,0.6138,0.9834,0.7986,3.958,4,1.0,2.2,122.0,0,38,9.18,-56.78,0.162,4.03,-15.73,0.256,-3.86,-76.33,-0.051,9860,0.677,0.6726,0.6878,0.6802,4.477,14,3.0,8.1,49.0,0,56,6.27,-80.45,0.078,4.66,-55.27,0.084,0.59,-77.09,0.008,5069,0.4644,0.3456,0.9068,0.6262,5.309,11,2.0,3.5,42.0,0,41,7.0,-61.37,0.114,1.09,-22.74,0.048,-9.03,-92.7,-0.097,False,0.64825,3.6295
"ma_band(L=200,b=0.0,k=1)",ma_band,"{""L"": 200, ""b"": 0.0, ""k"": 1}",13841,0.7681,0.7786,0.7184,0.7485,5.674,9,30.0,39.4,85.0,0,116,7.77,-49.15,0.158,7.23,-30.95,0.234,5.91,-41.62,0.142,5212,0.855,0.8529,0.8729,0.8629,6.564,4,8.5,9.2,44.0,0,55,9.18,-56.78,0.162,5.87,-23.09,0.254,0.66,-53.84,0.012,9860,0.784,0.7998,0.745,0.7724,5.352,14,19.0,25.6,60.0,0,54,6.27,-80.45,0.078,7.13,-33.56,0.212,6.02,-49.01,0.123,5069,0.7485,0.7412,0.7754,0.7583,8.494,11,14.0,14.6,48.0,1,67,7.0,-61.37,0.114,3.27,-34.49,0.095,-2.93,-79.85,-0.037,False,0.7604500000000001,5.513
"dd_rally(x=0.2,y=0.2)",dd_rally,"{""x"": 0.2, ""y"": 0.2}",13841,0.8244,0.9428,0.2668,0.6048,0.327,9,220.0,197.6,63.0,0,0,7.77,-49.15,0.158,6.7,-51.17,0.131,5.17,-55.73,0.093,5212,0.8972,0.9587,0.3683,0.6635,0.386,4,70.5,85.8,10.5,0,0,9.18,-56.78,0.162,9.0,-38.06,0.236,7.45,-44.3,0.168,9860,0.768,0.8716,0.5132,0.6924,0.7,14,52.5,99.1,54.0,0,0,6.27,-80.45,0.078,5.42,-59.34,0.091,2.87,-64.81,0.044,5069,0.7349,0.8356,0.3597,0.5977,1.062,11,62.0,62.5,38.0,0,0,7.0,-61.37,0.114,1.39,-61.96,0.022,-5.7,-85.25,-0.067,False,0.6486000000000001,0.5135
"cross(fast=50,slow=200)",cross,"{""fast"": 50, ""slow"": 200}",13841,0.7562,0.7737,0.6738,0.7237,1.018,9,66.0,76.9,117.5,0,18,7.77,-49.15,0.158,7.21,-33.24,0.217,5.6,-42.08,0.133,5212,0.8304,0.8366,0.7772,0.8069,0.965,4,47.0,32.7,73.0,1,8,9.18,-56.78,0.162,7.55,-33.92,0.223,3.9,-40.95,0.095,9860,0.7396,0.7605,0.6882,0.7243,1.15,14,53.0,53.1,62.5,3,11,6.27,-80.45,0.078,5.56,-44.07,0.126,2.66,-58.1,0.046,5069,0.6844,0.6949,0.6449,0.6699,1.544,11,48.5,38.5,63.0,3,10,7.0,-61.37,0.114,5.65,-36.98,0.153,1.44,-58.9,0.025,False,0.724,1.084
