logged_on,asof,industry,cost_up,cost3p,dir3p,ind3p,share,sales,sales_rank,in_s2,in_s2b
2026-10-01,2026-09,その他製品,0,0.0724,0.0508,0.0216,0.2989,-1.3153,0.0556,0,0
2026-10-01,2026-09,その他金融業,0,0.0048,0.0,0.0048,1.0,2.1105,0.9444,0,0
2026-10-01,2026-09,ガラス・土石製品,0,0.06,0.0399,0.0201,0.3354,0.4818,0.3333,0,0
2026-10-01,2026-09,サービス業,0,0.0238,0.0013,0.0225,0.9448,0.5323,0.3889,0,0
2026-10-01,2026-09,パルプ・紙,0,0.0127,0.0002,0.0125,0.9851,0.8891,0.6667,0,0
2026-10-01,2026-09,不動産業,0,0.004,0.0,0.004,1.0,0.8633,0.5556,0,0
2026-10-01,2026-09,化学,0,0.0393,0.0189,0.0204,0.5187,0.8332,0.5,0,0
2026-10-01,2026-09,小売業,0,0.0065,0.0,0.0065,0.9926,1.1506,0.7778,0,0
2026-10-01,2026-09,建設業,0,0.1271,0.0597,0.0674,0.53,0.615,0.4444,0,0
2026-10-01,2026-09,情報・通信業,0,0.0086,0.0002,0.0085,0.9794,3.0352,1.0,0,0
2026-10-01,2026-09,機械,0,0.2947,0.2078,0.0868,0.2947,1.165,0.8333,0,0
2026-10-01,2026-09,精密機器,0,0.2747,0.1844,0.0904,0.3289,-0.0578,0.1111,0,0
2026-10-01,2026-09,繊維製品,0,0.0126,0.0003,0.0124,0.9794,0.274,0.2778,0,0
2026-10-01,2026-09,輸送用機器,0,0.3567,0.1567,0.2,0.5607,1.0931,0.7222,0,0
2026-10-01,2026-09,金属製品,0,0.5186,0.4758,0.0427,0.0824,0.8712,0.6111,0,0
2026-10-01,2026-09,電気・ガス業,0,0.0137,0.002,0.0117,0.8535,0.2436,0.2222,0,0
2026-10-01,2026-09,電気機器,0,0.3444,0.2248,0.1196,0.3471,1.4389,0.8889,0,0
2026-10-01,2026-09,食料品,0,0.0168,0.0042,0.0126,0.7504,0.1349,0.1667,0,0
