date,k4_value,k4_theta,k4_on,k4_period,us_total,us_total_period,us_gasoline,us_gasoline_period,us_distillate,us_distillate_period,us_jet,us_jet_period,world,world_period,china,china_period,in_total,in_total_period,jp_total,jp_total_period,jp_gasoline,jp_gasoline_period,jp_naphtha,jp_naphtha_period,jp_jet,jp_jet_period,jp_diesel,jp_diesel_period,jp_fueloil,jp_fueloil_period,us_natgas,us_natgas_period,us_power,us_power_period,us_vmt,us_vmt_period,jp_crude_imp,jp_crude_imp_period,jp_lng_imp,jp_lng_imp_period
2026-09-28,-6.22,-4.626,True,2026-07 为止 3 个月,-1.31,2026-09-18 那周为止 13 周,-0.23,2026-09-18 那周为止 13 周,-0.13,2026-09-18 那周为止 13 周,2.65,2026-09-18 那周为止 13 周,,,,,3.41,2026-03 为止 3 个月,-6.22,2026-07 为止 3 个月,-3.9,2026-07 为止 3 个月,-12.86,2026-07 为止 3 个月,-15.13,2026-07 为止 3 个月,-3.76,2026-07 为止 3 个月,-11.89,2026-07 为止 3 个月,1.16,2026-06 为止 3 个月,3.15,2026-08 为止 3 个月,0.12,2026-07 为止 3 个月,-24.44,2026-07 为止 3 个月,-4.85,2026-07 为止 3 个月
2026-09-29,-6.22,-4.626,True,2026-07 为止 3 个月,-1.31,2026-09-18 那周为止 13 周,-0.23,2026-09-18 那周为止 13 周,-0.13,2026-09-18 那周为止 13 周,2.65,2026-09-18 那周为止 13 周,-3.77,2026-07 为止 3 个月（STEO 2026-09 版）,-5.6,2026-07 为止 3 个月（STEO 2026-09 版）,3.41,2026-03 为止 3 个月,-6.22,2026-07 为止 3 个月,-3.9,2026-07 为止 3 个月,-12.86,2026-07 为止 3 个月,-15.13,2026-07 为止 3 个月,-3.76,2026-07 为止 3 个月,-11.89,2026-07 为止 3 个月,1.16,2026-06 为止 3 个月,3.15,2026-08 为止 3 个月,0.12,2026-07 为止 3 个月,-24.44,2026-07 为止 3 个月,-4.85,2026-07 为止 3 个月
2026-09-30,-6.22,-4.626,True,2026-07 为止 3 个月,-1.31,2026-09-18 那周为止 13 周,-0.23,2026-09-18 那周为止 13 周,-0.13,2026-09-18 那周为止 13 周,2.65,2026-09-18 那周为止 13 周,-3.77,2026-07 为止 3 个月（STEO 2026-09 版）,-5.6,2026-07 为止 3 个月（STEO 2026-09 版）,3.41,2026-03 为止 3 个月,-6.22,2026-07 为止 3 个月,-3.9,2026-07 为止 3 个月,-12.86,2026-07 为止 3 个月,-15.13,2026-07 为止 3 个月,-3.76,2026-07 为止 3 个月,-11.89,2026-07 为止 3 个月,1.16,2026-06 为止 3 个月,3.15,2026-08 为止 3 个月,0.12,2026-07 为止 3 个月,-1.12,2026-08 为止 3 个月,-2.3,2026-08 为止 3 个月
2026-10-01,-6.22,-4.626,True,2026-07 为止 3 个月,-1.31,2026-09-18 那周为止 13 周,-0.23,2026-09-18 那周为止 13 周,-0.13,2026-09-18 那周为止 13 周,2.65,2026-09-18 那周为止 13 周,-3.77,2026-07 为止 3 个月（STEO 2026-09 版）,-5.6,2026-07 为止 3 个月（STEO 2026-09 版）,3.41,2026-03 为止 3 个月,-6.22,2026-07 为止 3 个月,-3.9,2026-07 为止 3 个月,-12.86,2026-07 为止 3 个月,-15.13,2026-07 为止 3 个月,-3.76,2026-07 为止 3 个月,-11.89,2026-07 为止 3 个月,1.16,2026-06 为止 3 个月,3.15,2026-08 为止 3 个月,0.12,2026-07 为止 3 个月,-1.12,2026-08 为止 3 个月,-2.3,2026-08 为止 3 个月
2026-10-02,-6.22,-4.626,True,2026-07 为止 3 个月,-1.0,2026-09-25 那周为止 13 周,-0.51,2026-09-25 那周为止 13 周,1.46,2026-09-25 那周为止 13 周,3.18,2026-09-25 那周为止 13 周,-3.77,2026-07 为止 3 个月（STEO 2026-09 版）,-5.6,2026-07 为止 3 个月（STEO 2026-09 版）,3.41,2026-03 为止 3 个月,-6.22,2026-07 为止 3 个月,-3.9,2026-07 为止 3 个月,-12.86,2026-07 为止 3 个月,-15.13,2026-07 为止 3 个月,-3.76,2026-07 为止 3 个月,-11.89,2026-07 为止 3 个月,1.55,2026-07 为止 3 个月,3.15,2026-08 为止 3 个月,0.12,2026-07 为止 3 个月,-1.12,2026-08 为止 3 个月,-2.3,2026-08 为止 3 个月
2026-10-05,-6.22,-4.626,True,2026-07 为止 3 个月,-1.0,2026-09-25 那周为止 13 周,-0.51,2026-09-25 那周为止 13 周,1.46,2026-09-25 那周为止 13 周,3.18,2026-09-25 那周为止 13 周,-3.77,2026-07 为止 3 个月（STEO 2026-09 版）,-5.6,2026-07 为止 3 个月（STEO 2026-09 版）,3.41,2026-03 为止 3 个月,-6.22,2026-07 为止 3 个月,-3.9,2026-07 为止 3 个月,-12.86,2026-07 为止 3 个月,-15.13,2026-07 为止 3 个月,-3.76,2026-07 为止 3 个月,-11.89,2026-07 为止 3 个月,1.55,2026-07 为止 3 个月,3.15,2026-08 为止 3 个月,0.12,2026-07 为止 3 个月,-1.12,2026-08 为止 3 个月,-2.3,2026-08 为止 3 个月
2026-10-06,-6.22,-4.626,True,2026-07 为止 3 个月,-1.0,2026-09-25 那周为止 13 周,-0.51,2026-09-25 那周为止 13 周,1.46,2026-09-25 那周为止 13 周,3.18,2026-09-25 那周为止 13 周,-3.77,2026-07 为止 3 个月（STEO 2026-09 版）,-5.6,2026-07 为止 3 个月（STEO 2026-09 版）,3.41,2026-03 为止 3 个月,-6.22,2026-07 为止 3 个月,-3.9,2026-07 为止 3 个月,-12.86,2026-07 为止 3 个月,-15.13,2026-07 为止 3 个月,-3.76,2026-07 为止 3 个月,-11.89,2026-07 为止 3 个月,1.55,2026-07 为止 3 个月,3.15,2026-08 为止 3 个月,0.12,2026-07 为止 3 个月,-1.12,2026-08 为止 3 个月,-2.3,2026-08 为止 3 个月
2026-10-07,-6.22,-4.626,True,2026-07 为止 3 个月,-1.0,2026-09-25 那周为止 13 周,-0.51,2026-09-25 那周为止 13 周,1.46,2026-09-25 那周为止 13 周,3.18,2026-09-25 那周为止 13 周,-3.77,2026-07 为止 3 个月（STEO 2026-09 版）,-5.6,2026-07 为止 3 个月（STEO 2026-09 版）,3.41,2026-03 为止 3 个月,-6.22,2026-07 为止 3 个月,-3.9,2026-07 为止 3 个月,-12.86,2026-07 为止 3 个月,-15.13,2026-07 为止 3 个月,-3.76,2026-07 为止 3 个月,-11.89,2026-07 为止 3 个月,1.55,2026-07 为止 3 个月,3.15,2026-08 为止 3 个月,0.12,2026-07 为止 3 个月,-1.12,2026-08 为止 3 个月,-2.3,2026-08 为止 3 个月
2026-10-08,-6.22,-4.626,True,2026-07 为止 3 个月,-1.46,2026-10-02 那周为止 13 周,-0.37,2026-10-02 那周为止 13 周,-1.32,2026-10-02 那周为止 13 周,2.8,2026-10-02 那周为止 13 周,-3.77,2026-07 为止 3 个月（STEO 2026-09 版）,-5.6,2026-07 为止 3 个月（STEO 2026-09 版）,3.41,2026-03 为止 3 个月,-6.22,2026-07 为止 3 个月,-3.9,2026-07 为止 3 个月,-12.86,2026-07 为止 3 个月,-15.13,2026-07 为止 3 个月,-3.76,2026-07 为止 3 个月,-11.89,2026-07 为止 3 个月,1.55,2026-07 为止 3 个月,3.15,2026-08 为止 3 个月,0.15,2026-08 为止 3 个月,-1.12,2026-08 为止 3 个月,-2.3,2026-08 为止 3 个月
2026-10-09,-6.22,-4.626,True,2026-07 为止 3 个月,-1.46,2026-10-02 那周为止 13 周,-0.37,2026-10-02 那周为止 13 周,-1.32,2026-10-02 那周为止 13 周,2.8,2026-10-02 那周为止 13 周,-3.77,2026-07 为止 3 个月（STEO 2026-09 版）,-5.6,2026-07 为止 3 个月（STEO 2026-09 版）,3.41,2026-03 为止 3 个月,-6.22,2026-07 为止 3 个月,-3.9,2026-07 为止 3 个月,-12.86,2026-07 为止 3 个月,-15.13,2026-07 为止 3 个月,-3.76,2026-07 为止 3 个月,-11.89,2026-07 为止 3 个月,1.55,2026-07 为止 3 个月,3.15,2026-08 为止 3 个月,0.15,2026-08 为止 3 个月,-1.12,2026-08 为止 3 个月,-2.3,2026-08 为止 3 个月
