logged_on,market,asof,group,score,rank,of
2026-10-01,JP-S33,2026-09,水産・農林業,-8.39,21,30
2026-10-01,JP-S33,2026-09,建設業,-5.43,17,30
2026-10-01,JP-S33,2026-09,鉱業,27.74,3,30
2026-10-01,JP-S33,2026-09,その他製品,-0.69,13,30
2026-10-01,JP-S33,2026-09,卸売業,-0.72,14,30
2026-10-01,JP-S33,2026-09,不動産業,-14.78,26,30
2026-10-01,JP-S33,2026-09,食料品,-8.52,22,30
2026-10-01,JP-S33,2026-09,情報・通信業,-25.11,30,30
2026-10-01,JP-S33,2026-09,サービス業,-15.47,27,30
2026-10-01,JP-S33,2026-09,小売業,-16.32,29,30
2026-10-01,JP-S33,2026-09,精密機器,18.64,6,30
2026-10-01,JP-S33,2026-09,電気機器,20.22,5,30
2026-10-01,JP-S33,2026-09,繊維製品,-7.61,19,30
2026-10-01,JP-S33,2026-09,化学,6.04,10,30
2026-10-01,JP-S33,2026-09,ガラス・土石製品,9.96,8,30
2026-10-01,JP-S33,2026-09,輸送用機器,-11.09,24,30
2026-10-01,JP-S33,2026-09,金属製品,-3.57,15,30
2026-10-01,JP-S33,2026-09,パルプ・紙,-6.11,18,30
2026-10-01,JP-S33,2026-09,医薬品,-16.2,28,30
2026-10-01,JP-S33,2026-09,非鉄金属,44.37,2,30
2026-10-01,JP-S33,2026-09,石油・石炭製品,10.41,7,30
2026-10-01,JP-S33,2026-09,ゴム製品,-4.61,16,30
2026-10-01,JP-S33,2026-09,鉄鋼,-8.84,23,30
2026-10-01,JP-S33,2026-09,その他金融業,-12.04,25,30
2026-10-01,JP-S33,2026-09,機械,7.59,9,30
2026-10-01,JP-S33,2026-09,銀行業,44.6,1,30
2026-10-01,JP-S33,2026-09,証券、商品先物取引業,4.76,11,30
2026-10-01,JP-S33,2026-09,保険業,-0.43,12,30
2026-10-01,JP-S33,2026-09,海運業,21.12,4,30
2026-10-01,JP-S33,2026-09,電気・ガス業,-8.27,20,30
2026-10-01,JP-TH,2026-09,T1,-6.78,11,12
2026-10-01,JP-TH,2026-09,T2,-2.13,10,12
2026-10-01,JP-TH,2026-09,T3,62.45,1,12
2026-10-01,JP-TH,2026-09,T4,22.08,5,12
2026-10-01,JP-TH,2026-09,T5,-0.71,9,12
2026-10-01,JP-TH,2026-09,T6,3.6,7,12
2026-10-01,JP-TH,2026-09,T7,7.02,6,12
2026-10-01,JP-TH,2026-09,T8,-36.92,12,12
2026-10-01,JP-TH,2026-09,T9,53.07,2,12
2026-10-01,JP-TH,2026-09,T10,45.72,3,12
2026-10-01,JP-TH,2026-09,T11,33.82,4,12
2026-10-01,JP-TH,2026-09,T13,3.39,8,12
2026-10-01,US-FF49,2026-08,Hardw,63.213,1,49
2026-10-01,US-FF49,2026-08,Mach,53.963,2,49
2026-10-01,US-FF49,2026-08,ElcEq,34.446,3,49
2026-10-01,US-FF49,2026-08,Chips,34.155,4,49
2026-10-01,US-FF49,2026-08,Ships,33.561,5,49
2026-10-01,US-FF49,2026-08,Drugs,32.556,6,49
2026-10-01,US-FF49,2026-08,LabEq,31.938,7,49
2026-10-01,US-FF49,2026-08,Mines,31.088,8,49
2026-10-01,US-FF49,2026-08,Oil,31.06,9,49
2026-10-01,US-FF49,2026-08,Soda,27.267,10,49
2026-10-01,US-FF49,2026-08,Steel,24.931,11,49
2026-10-01,US-FF49,2026-08,Gold,24.535,12,49
2026-10-01,US-FF49,2026-08,Hlth,22.666,13,49
2026-10-01,US-FF49,2026-08,Aero,21.084,14,49
2026-10-01,US-FF49,2026-08,Cnstr,20.469,15,49
2026-10-01,US-FF49,2026-08,Rubbr,20.403,16,49
2026-10-01,US-FF49,2026-08,Banks,14.776,17,49
2026-10-01,US-FF49,2026-08,Trans,14.773,18,49
2026-10-01,US-FF49,2026-08,Smoke,14.182,19,49
2026-10-01,US-FF49,2026-08,FabPr,14.151,20,49
2026-10-01,US-FF49,2026-08,Toys,11.35,21,49
2026-10-01,US-FF49,2026-08,Util,10.912,22,49
2026-10-01,US-FF49,2026-08,Whlsl,10.88,23,49
2026-10-01,US-FF49,2026-08,Guns,9.491,24,49
2026-10-01,US-FF49,2026-08,Boxes,9.469,25,49
2026-10-01,US-FF49,2026-08,Insur,9.457,26,49
2026-10-01,US-FF49,2026-08,Rtail,9.198,27,49
2026-10-01,US-FF49,2026-08,BldMt,8.616,28,49
2026-10-01,US-FF49,2026-08,Fin,8.513,29,49
2026-10-01,US-FF49,2026-08,Books,8.016,30,49
2026-10-01,US-FF49,2026-08,Chems,6.456,31,49
2026-10-01,US-FF49,2026-08,Coal,6.028,32,49
2026-10-01,US-FF49,2026-08,Meals,5.509,33,49
2026-10-01,US-FF49,2026-08,Agric,3.67,34,49
2026-10-01,US-FF49,2026-08,Other,3.078,35,49
2026-10-01,US-FF49,2026-08,Txtls,2.042,36,49
2026-10-01,US-FF49,2026-08,Softw,1.456,37,49
2026-10-01,US-FF49,2026-08,RlEst,0.225,38,49
2026-10-01,US-FF49,2026-08,Autos,-1.234,39,49
2026-10-01,US-FF49,2026-08,Beer,-2.69,40,49
2026-10-01,US-FF49,2026-08,Food,-3.297,41,49
2026-10-01,US-FF49,2026-08,Hshld,-3.782,42,49
2026-10-01,US-FF49,2026-08,PerSv,-4.137,43,49
2026-10-01,US-FF49,2026-08,Paper,-6.849,44,49
2026-10-01,US-FF49,2026-08,Telcm,-10.358,45,49
2026-10-01,US-FF49,2026-08,BusSv,-11.905,46,49
2026-10-01,US-FF49,2026-08,Clths,-16.666,47,49
2026-10-01,US-FF49,2026-08,MedEq,-19.044,48,49
2026-10-01,US-FF49,2026-08,Fun,-35.208,49,49
2026-10-01,JP-THQ,2026Q3,T1,14.95,1,12
2026-10-01,JP-THQ,2026Q3,T8,12.55,2,12
2026-10-01,JP-THQ,2026Q3,T2,2.95,3,12
2026-10-01,JP-THQ,2026Q3,T7,2.47,4,12
2026-10-01,JP-THQ,2026Q3,T4,-5.9,5,12
2026-10-01,JP-THQ,2026Q3,T13,-9.52,6,12
2026-10-01,JP-THQ,2026Q3,T6,-11.87,7,12
2026-10-01,JP-THQ,2026Q3,T5,-16.33,8,12
2026-10-01,JP-THQ,2026Q3,T3,-19.56,9,12
2026-10-01,JP-THQ,2026Q3,T9,-23.34,10,12
2026-10-01,JP-THQ,2026Q3,T10,-25.78,11,12
2026-10-01,JP-THQ,2026Q3,T11,-30.35,12,12
2026-10-01,JP-S33Q,2026Q3,海運業,28.83,1,30
2026-10-01,JP-S33Q,2026Q3,銀行業,17.48,2,30
2026-10-01,JP-S33Q,2026Q3,石油・石炭製品,14.99,3,30
2026-10-01,JP-S33Q,2026Q3,鉱業,10.47,4,30
2026-10-01,JP-S33Q,2026Q3,情報・通信業,9.66,5,30
2026-10-01,JP-S33Q,2026Q3,証券、商品先物取引業,8.83,6,30
2026-10-01,JP-S33Q,2026Q3,卸売業,8.2,7,30
2026-10-01,JP-S33Q,2026Q3,電気・ガス業,7.57,8,30
2026-10-01,JP-S33Q,2026Q3,その他製品,5.26,9,30
2026-10-01,JP-S33Q,2026Q3,サービス業,5.03,10,30
2026-10-01,JP-S33Q,2026Q3,鉄鋼,3.1,11,30
2026-10-01,JP-S33Q,2026Q3,輸送用機器,2.38,12,30
2026-10-01,JP-S33Q,2026Q3,パルプ・紙,1.1,13,30
2026-10-01,JP-S33Q,2026Q3,保険業,0.25,14,30
2026-10-01,JP-S33Q,2026Q3,その他金融業,0.17,15,30
2026-10-01,JP-S33Q,2026Q3,ゴム製品,-0.58,16,30
2026-10-01,JP-S33Q,2026Q3,繊維製品,-0.84,17,30
2026-10-01,JP-S33Q,2026Q3,小売業,-1.27,18,30
2026-10-01,JP-S33Q,2026Q3,医薬品,-3.26,19,30
2026-10-01,JP-S33Q,2026Q3,食料品,-3.43,20,30
2026-10-01,JP-S33Q,2026Q3,不動産業,-3.74,21,30
2026-10-01,JP-S33Q,2026Q3,化学,-4.28,22,30
2026-10-01,JP-S33Q,2026Q3,金属製品,-5.51,23,30
2026-10-01,JP-S33Q,2026Q3,水産・農林業,-6.69,24,30
2026-10-01,JP-S33Q,2026Q3,機械,-7.04,25,30
2026-10-01,JP-S33Q,2026Q3,非鉄金属,-7.11,26,30
2026-10-01,JP-S33Q,2026Q3,精密機器,-7.35,27,30
2026-10-01,JP-S33Q,2026Q3,建設業,-9.16,28,30
2026-10-01,JP-S33Q,2026Q3,電気機器,-9.58,29,30
2026-10-01,JP-S33Q,2026Q3,ガラス・土石製品,-14.6,30,30
2026-10-01,JP-INFQ,2026Q3,電気機器,34.13,1,33
2026-10-01,JP-INFQ,2026Q3,銀行業,14.93,2,33
2026-10-01,JP-INFQ,2026Q3,機械,7.8,3,33
2026-10-01,JP-INFQ,2026Q3,非鉄金属,6.37,4,33
2026-10-01,JP-INFQ,2026Q3,卸売業,6.03,5,33
2026-10-01,JP-INFQ,2026Q3,化学,4.83,6,33
2026-10-01,JP-INFQ,2026Q3,輸送用機器,4.66,7,33
2026-10-01,JP-INFQ,2026Q3,情報・通信業,4.16,8,33
2026-10-01,JP-INFQ,2026Q3,保険業,2.91,9,33
2026-10-01,JP-INFQ,2026Q3,その他金融業,2.65,10,33
2026-10-01,JP-INFQ,2026Q3,サービス業,2.47,11,33
2026-10-01,JP-INFQ,2026Q3,金属製品,2.0,12,33
2026-10-01,JP-INFQ,2026Q3,電気・ガス業,1.5,13,33
2026-10-01,JP-INFQ,2026Q3,その他製品,0.99,14,33
2026-10-01,JP-INFQ,2026Q3,建設業,0.97,15,33
2026-10-01,JP-INFQ,2026Q3,不動産業,0.91,16,33
2026-10-01,JP-INFQ,2026Q3,食料品,0.48,17,33
2026-10-01,JP-INFQ,2026Q3,鉄鋼,0.46,18,33
2026-10-01,JP-INFQ,2026Q3,医薬品,0.39,19,33
2026-10-01,JP-INFQ,2026Q3,精密機器,0.35,20,33
2026-10-01,JP-INFQ,2026Q3,証券、商品先物取引業,0.29,21,33
2026-10-01,JP-INFQ,2026Q3,陸運業,0.28,22,33
2026-10-01,JP-INFQ,2026Q3,倉庫・運輸関連業,0.24,23,33
2026-10-01,JP-INFQ,2026Q3,水産・農林業,0.09,24,33
2026-10-01,JP-INFQ,2026Q3,海運業,0.06,25,33
2026-10-01,JP-INFQ,2026Q3,小売業,0.06,26,33
2026-10-01,JP-INFQ,2026Q3,鉱業,0.0,27,33
2026-10-01,JP-INFQ,2026Q3,繊維製品,0.0,28,33
2026-10-01,JP-INFQ,2026Q3,パルプ・紙,0.0,29,33
2026-10-01,JP-INFQ,2026Q3,石油・石炭製品,0.0,30,33
2026-10-01,JP-INFQ,2026Q3,ゴム製品,0.0,31,33
2026-10-01,JP-INFQ,2026Q3,ガラス・土石製品,0.0,32,33
2026-10-01,JP-INFQ,2026Q3,空運業,0.0,33,33
