date,Wj,Wj_pct,W2,W2_pct,A0,A0_pct,p_em_rel,p_real10,p_tankan_big,p_tankan_small,p_claims,p_breadth,p_boj,p_jp_cgpi
2026-09-15,63.06,83.39,64.85,70.46,68.64,95.75,86.59,87.76,21.1,64.03,19.83,32.81,94.68,97.67
2026-09-16,63.16,83.66,67.14,73.54,66.06,93.01,86.19,88.53,21.1,64.03,19.84,33.27,94.67,97.67
2026-09-17,65.69,89.15,68.35,75.19,66.84,93.99,87.85,89.39,21.11,64.02,19.84,50.97,94.67,97.66
2026-09-18,66.04,89.8,53.27,50.37,60.67,82.92,70.02,89.1,21.11,64.02,10.75,80.99,94.66,97.66
2026-09-24,67.03,91.35,46.99,39.1,58.54,77.79,69.61,84.5,21.11,64.02,10.75,93.97,94.66,97.65
2026-09-25,68.83,93.11,46.31,38.04,57.18,73.63,76.06,92.95,21.12,64.02,8.17,96.0,94.65,97.65
2026-09-28,68.65,93.0,45.84,37.21,59.92,81.24,72.12,95.3,21.12,64.02,8.18,96.2,94.65,97.64
2026-09-29,68.07,92.64,48.41,41.72,62.71,87.33,68.37,95.0,21.12,64.02,8.18,95.6,94.64,97.64
2026-09-30,68.0,92.55,58.26,59.81,65.08,91.29,69.1,96.58,21.13,64.02,8.19,92.71,94.64,97.63
2026-10-01,67.08,91.41,61.59,65.31,67.46,94.6,59.23,96.05,21.13,64.01,8.4,95.55,94.63,97.63
2026-10-02,66.55,90.5,58.84,60.94,66.37,93.43,55.33,95.66,21.13,64.01,7.71,96.27,94.63,97.62
2026-10-05,67.27,91.6,56.43,56.43,62.2,86.33,53.03,94.62,37.57,56.2,7.72,96.75,94.62,97.62
2026-10-06,67.79,92.38,54.95,53.62,62.82,87.52,57.7,95.25,37.57,56.2,7.72,95.65,94.62,97.61
