date,market,A0,B1,B2,B3,B4,S,A0x,A0+em_rel,A0+real10,A0+tankan_big,A0+tankan_small,A0+claims,A0+breadth,A0+boj,A0+jp_cgpi,A0+gold_silver,A0+commod_vol,A0+W,A0+Wj,DOM,C_rel
2026-09-24,JP,58.5,57.0,42.1,53.1,45.4,54.2,52.8,59.55,60.9,55.14,59.04,54.2,61.76,61.82,62.1,,,,,,
2026-09-24,US,51.0,53.7,41.7,50.6,46.8,48.5,41.5,,,,,,,,,50.2,51.6,50.8,,56.53,
2026-09-25,JP,56.7,56.6,41.5,52.1,45.7,,51.0,,,,,,,,,,,,,,
2026-09-25,US,52.5,52.6,39.9,49.1,45.0,,43.4,,,,,,,,,50.6,53.6,51.8,,,
2026-09-28,JP,59.9,57.8,42.1,53.9,46.0,54.9,55.1,61.03,63.13,56.39,60.29,55.21,63.22,63.07,63.35,,,,63.8,,49.7
2026-09-28,US,54.1,53.1,42.4,51.0,47.3,,45.5,,,,,,,,,53.1,55.2,54.1,,55.73,
2026-09-29,US,57.9,55.9,44.0,53.6,48.8,49.4,50.7,,,,,,,,,57.2,58.5,57.8,,56.64,48.5
2026-09-30,JP,65.1,60.6,45.1,55.9,49.3,56.4,61.5,65.44,67.94,61.08,64.98,59.91,67.59,67.76,68.04,,,,66.38,,51.9
2026-09-30,US,54.8,54.7,44.0,52.6,48.8,48.4,46.7,,,,,,,,,54.3,54.9,54.5,,55.57,47.1
2026-10-01,JP,67.5,60.2,43.1,54.7,47.2,55.6,64.6,66.71,70.06,63.25,67.15,62.09,70.01,69.93,70.2,,,,67.29,,49.4
2026-10-01,US,57.3,55.4,43.5,53.9,48.3,48.3,50.5,,,,,,,,,54.6,57.4,55.0,,55.91,44.9
2026-10-02,JP,66.4,60.0,43.8,55.3,49.3,55.1,63.4,65.36,69.03,62.26,66.15,61.04,69.09,68.94,69.21,,,,66.45,,49.1
2026-10-02,US,57.8,56.1,43.7,53.9,48.3,49.3,51.5,,,,,,,,,56.6,58.1,57.0,,56.44,43.9
2026-10-05,JP,62.2,57.0,41.0,52.0,46.4,53.7,58.2,61.37,65.15,59.96,61.65,57.25,65.34,65.15,65.42,,,,64.45,,46.6
2026-10-05,US,55.2,53.9,41.4,51.9,46.1,48.1,47.9,,,,,,,,,53.3,55.8,54.0,,55.57,42.4
2026-10-06,JP,62.8,56.7,40.4,51.4,46.3,53.9,59.0,62.35,65.77,60.52,62.22,57.81,65.8,65.71,65.98,,,,65.03,,46.7
2026-10-06,US,53.2,53.4,39.4,50.2,44.0,46.4,45.1,,,,,,,,,51.0,53.9,51.8,,54.31,40.7
2026-10-07,JP,58.9,55.4,40.0,48.8,45.0,52.8,54.1,58.36,62.28,56.96,58.66,54.25,62.29,62.15,62.42,,,,62.66,,44.9
2026-10-07,US,49.8,52.4,40.4,50.6,44.7,47.2,41.5,,,,,,,,,48.9,50.6,49.8,,55.75,39.4
2026-10-08,JP,58.9,55.7,40.6,50.1,45.9,53.4,54.2,59.28,62.16,57.0,58.69,54.32,62.28,62.18,62.45,,,,63.13,,45.2
2026-10-08,US,47.2,52.0,40.8,51.0,45.2,47.3,38.4,,,,,,,,,46.1,47.6,46.6,,55.8,38.4
