date,gs_pct,cv_pct,W,W_pct,A0,A0_pct,gs_raw,cv_raw
2026-09-18,27.94,60.51,44.22,34.6,50.57,48.25,-3.72,19.84
2026-09-21,26.93,63.95,45.44,36.94,53.27,56.25,-3.99,20.68
2026-09-22,26.84,60.21,43.53,33.38,50.12,46.74,-4.04,19.79
2026-09-23,29.16,55.88,42.52,31.32,50.92,49.57,-3.39,18.87
2026-09-24,43.49,56.63,50.06,45.48,51.01,49.87,-0.25,19.02
2026-09-25,35.21,62.41,48.81,43.09,52.51,54.29,-1.85,20.3
2026-09-28,44.38,63.44,53.91,52.95,54.14,58.89,-0.08,20.57
2026-09-29,51.36,63.38,57.37,59.08,57.93,69.56,1.26,20.56
2026-09-30,50.14,56.16,53.15,51.49,54.79,60.78,1.05,18.93
2026-10-01,33.22,58.18,45.7,37.43,57.28,67.72,-2.28,19.38
2026-10-02,46.88,60.43,53.65,52.43,57.82,69.31,0.46,19.82
