id,date,name_ja,focus,sectors,s33,source_url,verified,checked,notes
IP-2001-01-22,2001-01-22,e-Japan戦略（IT戦略本部決定）,1,IT・高速ネットワーク・電子商取引,情報・通信業;電気機器,https://www8.cao.go.jp/kisei/siryo/030328/3-02.pdf,官方资料,2026-10-06,IT 单一领域
IP-2004-05-19,2004-05-19,新産業創造戦略（産業構造審議会）,0,燃料電池・情報家電・ロボット・コンテンツ・健康福祉・環境エネルギー機器・ビジネス支援サービス（7分野）,電気機器;機械;情報・通信業;精密機器;電気・ガス業;サービス業,https://www.rieti.go.jp/jp/events/bbl/04070101.html,官方资料（日期 NDL）,2026-10-06,多领域成长战略
IP-2006-07-06,2006-07-06,経済成長戦略大綱,0,IT・サービス・資源エネルギー・通信放送（横断）,情報・通信業;サービス業;電気・ガス業,https://dl.ndl.go.jp/view/download/digidepo_9367223_po_0868.pdf?contentNo=1,NDL 资料,2026-10-06,多领域成长战略（未经阁议）
IP-2009-04-17,2009-04-17,未来開拓戦略（J リカバリー・プラン）,0,太陽光・エコカー・医療介護健康・農林漁業・コンテンツ・観光・IT,電気機器;輸送用機器;医薬品;水産・農林業;情報・通信業;サービス業,https://dl.ndl.go.jp/view/download/digidepo_9367223_po_0868.pdf?contentNo=1,NDL 资料,2026-10-06,多领域成长战略
IP-2010-06-18,2010-06-18,新成長戦略（閣議決定）,0,グリーン・ライフ・イノベーション・アジア・観光・科学技術情報通信・雇用・金融（7分野）,電気・ガス業;医薬品;精密機器;サービス業;情報・通信業,https://www.mext.go.jp/b_menu/shingi/kokuritu/gijiroku/__icsFiles/afieldfile/2010/07/12/1295617_6.pdf,官方资料,2026-10-06,多领域成长战略
IP-2012-07-31,2012-07-31,日本再生戦略（閣議決定）,0,グリーン（エネルギー・環境）・ライフ（健康）・農林漁業,電気・ガス業;医薬品;水産・農林業,https://www.mext.go.jp/b_menu/shingi/gijyutu/gijyutu2/006/shiryo/__icsFiles/afieldfile/2012/08/14/1324501_3.pdf,官方资料,2026-10-06,多领域成长战略
IP-2013-06-14,2013-06-14,日本再興戦略（閣議決定）,0,医薬品・医療機器・再エネ・蓄電池・次世代自動車・インフラ・農林水産・コンテンツ・観光,医薬品;精密機器;電気・ガス業;電気機器;輸送用機器;建設業;水産・農林業;情報・通信業;サービス業,https://www.cas.go.jp/jp/seisaku/seicho/pdf/saikou_jpn.pdf,官方资料,2026-10-06,多领域成长战略
IP-2014-06-24,2014-06-24,日本再興戦略 改訂2014（閣議決定）,0,攻めの農林水産業・健康産業・ロボット革命,水産・農林業;医薬品;電気機器;機械,https://www.cas.go.jp/jp/seisaku/seicho/pdf/honbunJP.pdf,官方资料,2026-10-06,多领域成长战略
IP-2015-02-10,2015-02-10,ロボット新戦略（日本経済再生本部決定）,1,ロボット,電気機器;機械,https://dl.ndl.go.jp/view/download/digidepo_9367223_po_0868.pdf?contentNo=1,NDL 资料,2026-10-06,机器人单一领域
IP-2015-06-30,2015-06-30,日本再興戦略 改訂2015（閣議決定）,0,IoT・ビッグデータ・AI・農林水産・医療介護・観光・サービス産業,情報・通信業;水産・農林業;医薬品;サービス業,https://www.cas.go.jp/jp/seisaku/seicho/pdf/dai1jp.pdf,官方资料,2026-10-06,多领域成长战略
IP-2016-06-02,2016-06-02,日本再興戦略2016（閣議決定）,0,第4次産業革命・健康立国・環境エネルギー・観光など官民戦略プロジェクト10,情報・通信業;医薬品;電気・ガス業;サービス業;建設業,https://www.cas.go.jp/jp/seisaku/seicho/pdf/hombun1_160602.pdf,官方资料,2026-10-06,多领域成长战略
IP-2017-06-09,2017-06-09,未来投資戦略2017（閣議決定）,0,健康寿命・移動革命・サプライチェーン・インフラ・FinTech,医薬品;輸送用機器;情報・通信業;建設業,https://www.cas.go.jp/jp/seisaku/seicho/pdf/miraitousi2017_point.pdf,官方资料,2026-10-06,多领域成长战略
IP-2018-06-15,2018-06-15,未来投資戦略2018（閣議決定）,0,自動運転・ヘルスケア・エネルギー転換・FinTech・インフラ・スマート農林水産業,輸送用機器;医薬品;電気・ガス業;情報・通信業;建設業;水産・農林業,https://www.cas.go.jp/jp/seisaku/seicho/pdf/miraitousi2018_d1.pdf,官方资料,2026-10-06,多领域成长战略
IP-2019-06-21,2019-06-21,成長戦略実行計画（閣議決定）,0,デジタル市場・フィンテック・モビリティ・次世代インフラ・観光,情報・通信業;輸送用機器;建設業;サービス業,https://www.cas.go.jp/jp/seisaku/seicho/pdf/ap2019.pdf,官方资料,2026-10-06,多领域成长战略
IP-2020-10-26,2020-10-26,2050年カーボンニュートラル宣言（首相所信表明）,1,エネルギー・脱炭素,電気・ガス業,https://www.nikkei.com/article/DGXMZO65465240W0A021C2000000/,报道（日经）,2026-10-06,能源单一领域
IP-2020-12-25,2020-12-25,グリーン成長戦略（14分野）,0,洋上風力・アンモニア・水素・原子力・自動車蓄電池・半導体情報通信・船舶・物流・食料・航空機・住宅など14分野,電気・ガス業;電気機器;輸送用機器;機械;建設業;食料品,https://www.cas.go.jp/jp/seisaku/seicho/seichosenryakukaigi/dai6/siryou1.pdf,官方资料,2026-10-06,多领域
IP-2021-06-04,2021-06-04,半導体・デジタル産業戦略（経産省）,1,半導体・デジタルインフラ・デジタル産業,電気機器;情報・通信業,https://www.meti.go.jp/press/2021/06/20210604008/20210604008.html,部分核实（经产省页面 403；URL 日期 + 检索摘要）,2026-10-06,半导体与数字
IP-2021-06-18,2021-06-18,成長戦略実行計画（閣議決定）,0,先端半導体・データセンター・電池・レアアース・医薬品ワクチン・宇宙・海洋・量子,電気機器;情報・通信業;非鉄金属;医薬品;輸送用機器,https://www.cas.go.jp/jp/seisaku/seicho/pdf/ap2021.pdf,官方资料,2026-10-06,多领域成长战略
IP-2022-05-11,2022-05-11,経済安全保障推進法 成立,0,制度框架（特定重要物資・基幹インフラ・先端技術）,,https://www.sangiin.go.jp/japanese/annai/chousa/rippou_chousa/backnumber/2026pdf/20260430003.pdf,官方资料,2026-10-06,框架法（不点名具体业种）
IP-2022-06-07,2022-06-07,新しい資本主義 グランドデザイン及び実行計画（閣議決定）,0,人への投資・科学技術・スタートアップ・GX・DX,電気・ガス業;情報・通信業,https://www.cas.go.jp/jp/seisaku/atarashii_sihonsyugi/pdf/ap2022.pdf,部分核实,2026-10-06,多领域
IP-2022-06-17,2022-06-17,JASM（TSMC 熊本）第一工場 助成 最大4760億円,1,半導体,電気機器,https://www.nikkei.com/article/DGXZQOUA171II0X10C22A6000000/,报道（日经）,2026-10-06,半导体补助
IP-2022-11-11,2022-11-11,Rapidus 700億円,1,半導体,電気機器,https://www.nikkei.com/,部分核实（日经检索摘要）,2026-10-06,半导体补助
IP-2022-12-16,2022-12-16,安保三文書（閣議決定；防衛力整備 約43兆円）,1,防衛・防衛産業,機械;輸送用機器;電気機器,https://www.cas.go.jp/jp/siryou/221216anzenhoshou.html,官方资料,2026-10-06,防卫
IP-2022-12-20,2022-12-20,特定重要物資 11品目（政令閣議決定）,0,抗菌性物質製剤・肥料・永久磁石・工作機械産業用ロボット・航空機部品・半導体・蓄電池・クラウド・天然ガス・重要鉱物・船舶部品,医薬品;化学;電気機器;機械;輸送用機器;情報・通信業;鉱業;非鉄金属,https://www.cao.go.jp/keizai_anzen_hosho/suishinhou/supply_chain/supply_chain.html,官方资料,2026-10-06,多品目清单
IP-2023-02-10,2023-02-10,GX実現に向けた基本方針（閣議決定）,1,再エネ・原子力・水素アンモニア・蓄電池等（GX）,電気・ガス業,https://www.cas.go.jp/jp/seisaku/gx_jikkou_kaigi/pdf/kihon.pdf,官方资料,2026-10-06,能源（GX）
IP-2023-04-25,2023-04-25,Rapidus 追加2600億円,1,半導体,電気機器,https://www.bloomberg.co.jp/news/articles/2023-04-25/RTNBI3T0AFB401,报道（彭博）,2026-10-06,半导体补助
IP-2023-06-06,2023-06-06,半導体・デジタル産業戦略 改定（経産省）,1,半導体・情報処理基盤・通信・蓄電池,電気機器;情報・通信業,https://www.meti.go.jp/press/2023/06/20230606003/20230606003.html,部分核实（经产省页面 403；URL 日期 + 检索摘要）,2026-10-06,半导体与数字
IP-2023-06-16,2023-06-16,新しい資本主義 2023改訂（閣議決定）,0,半導体・蓄電池・バイオものづくり・データセンター・GX・食料安保・AI・量子・健康医療・フュージョン,電気機器;情報・通信業;化学;電気・ガス業;医薬品,https://www.env.go.jp/content/000142846.pdf,官方资料,2026-10-06,多领域
IP-2023-12-22,2023-12-22,GX 分野別投資戦略（16分野）,0,鉄鋼・化学・紙パルプ・セメント・自動車・蓄電池・航空機・SAF・船舶・半導体・水素・再エネ・原子力・CCS など16分野,鉄鋼;化学;パルプ・紙;ガラス・土石製品;輸送用機器;電気機器;電気・ガス業,https://www.meti.go.jp/press/2023/12/20231222005/20231222005.html,部分核实（经产省页面 403；URL 日期 + 检索摘要）,2026-10-06,多领域
IP-2024-01-30,2024-01-30,特定重要物資 追加（先端電子部品・ウラン）,0,先端電子部品・ウラン（重要鉱物）,電気機器;鉱業,https://www.nikkei.com/article/DGXZQOUA303UN0Q4A130C2000000/,报道（日经）,2026-10-06,清单追加
IP-2024-02-24,2024-02-24,JASM 第二工場 助成 最大7320億円,1,半導体,電気機器,https://www.meti.go.jp/,部分核实（经产省认定一览检索摘要）,2026-10-06,半导体补助
IP-2024-04-02,2024-04-02,Rapidus 最大5900億円,1,半導体,電気機器,https://www.nikkei.com/article/DGXZQOUA0214G0S4A400C2000000/,报道（日经）,2026-10-06,半导体补助
IP-2024-11-22,2024-11-22,AI・半導体産業基盤強化フレーム（総合経済対策 閣議決定；2030年度までに公的支援10兆円以上）,1,AI・半導体,電気機器;情報・通信業,https://www5.cao.go.jp/keizai1/keizaitaisaku/2024/1122_taisaku.pdf,官方资料,2026-10-06,AI 与半导体
IP-2025-02-18,2025-02-18,第7次エネルギー基本計画・GX2040ビジョン（閣議決定）,1,エネルギー（再エネ・原子力）,電気・ガス業,https://www.jaif.or.jp/journal/japan/26772.html,报道（日本原子力产业协会）,2026-10-06,能源
IP-2025-03-31,2025-03-31,Rapidus 最大8025億円,1,半導体,電気機器,https://www.bloomberg.co.jp/news/articles/2025-03-31/STYQHIT0AFB400,报道（彭博）,2026-10-06,半导体补助
IP-2025-05-28,2025-05-28,AI推進法 成立,1,AI,情報・通信業,https://current.ndl.go.jp/car/253410,NDL 资料,2026-10-06,AI
IP-2025-06-13,2025-06-13,骨太の方針2025・新しい資本主義2025改訂（閣議決定）,0,ヘルスケア・防災・農林水産食品・コンテンツ・観光・GX・DX・量子・フュージョン・マテリアル・宇宙・海洋・ワット・ビット連携,医薬品;建設業;食料品;情報・通信業;電気・ガス業;非鉄金属;輸送用機器,https://www5.cao.go.jp/keizai-shimon/kaigi/cabinet/honebuto/2025/decision0613.html,官方资料,2026-10-06,多领域
IP-2025-11-04,2025-11-04,日本成長戦略本部 17の戦略分野,0,AI半導体・デジタルサイバー・情報通信・量子・防衛産業・航空宇宙・海洋・造船・マテリアル・バイオ・創薬先端医療・資源エネルギーGX・フュージョン・防災国土強靱化・港湾ロジ・フードテック・コンテンツ,電気機器;情報・通信業;機械;輸送用機器;非鉄金属;化学;医薬品;精密機器;電気・ガス業;鉱業;建設業;倉庫・運輸関連業;食料品,https://www.cas.go.jp/jp/seisaku/nipponseichosenryaku/honbu/dai1/shiryou4.pdf,官方资料,2026-10-06,多领域（17分野）
IP-2025-11-21,2025-11-21,「強い経済」総合経済対策（閣議決定；危機管理投資・成長投資 7.2兆円）,0,造船基金・宇宙戦略基金・Rapidus 追加など,輸送用機器;機械;電気機器,https://www5.cao.go.jp/keizai1/keizaitaisaku/1121_taisaku.pdf,官方资料,2026-10-06,多领域经济对策
IP-2025-11-21R,2025-11-21,Rapidus FY2026-27 追加 約1兆円,1,半導体,電気機器,https://www.nikkei.com/article/DGXZQOUA218OG0R21C25A1000000/,报道（日经）,2026-10-06,半导体补助
IP-2025-12-19,2025-12-19,特定重要物資 追加（人工呼吸器・無人航空機・人工衛星・ロケット部品）,0,医療機器・ドローン・衛星・ロケット,精密機器;輸送用機器;機械,https://www.jiji.com/jc/article?k=2025121900783&g=pol,报道（时事）,2026-10-06,清单追加
IP-2025-12-23,2025-12-23,人工知能基本計画（閣議決定）,1,AI,情報・通信業,https://www.cao.go.jp/press/new_wave/20260206.html,官方资料,2026-10-06,AI
IP-2025-12-26,2025-12-26,造船業再生ロードマップ（国交省・内閣府）,1,造船,輸送用機器;機械,https://www.mlit.go.jp/report/press/kaiji05_hh_000317.html,官方资料,2026-10-06,造船
IP-2026-03-19,2026-03-19,経済安保推進法・JBIC法改正案（閣議決定；2026-06-10 成立）,0,半導体・造船・ドローン・レアアース・港湾の海外事業支援、基幹インフラに医療,電気機器;輸送用機器;非鉄金属;倉庫・運輸関連業,https://www.nikkei.com/article/DGXZQOUA092GU0Z00C26A6000000/,报道（日经）,2026-10-06,多领域
IP-2026-04-21,2026-04-21,防衛装備移転三原則 改定（5類型の撤廃）,1,防衛産業,機械;輸送用機器;電気機器,https://news.web.nhk/newsweb/na/na-k10015104291000,报道（NHK）,2026-10-06,防卫
IP-2026-06-05,2026-06-05,Rapidus IPA経由出資 1500億円,1,半導体,電気機器,https://www.nikkei.com/article/DGXZQOUA050WG0V00C26A6000000/,报道（日经）,2026-10-06,半导体补助
IP-2026-07-21,2026-07-21,日本成長戦略・骨太の方針2026（閣議決定；17分野・62製品・2040年度官民国内投資370兆円以上）,0,17の戦略分野,電気機器;情報・通信業;機械;輸送用機器;非鉄金属;化学;医薬品;精密機器;電気・ガス業;鉱業;建設業;倉庫・運輸関連業;食料品,https://www.cas.go.jp/jp/seisaku/nipponseichosenryaku/pdf/jgs2026.pdf,官方资料,2026-10-06,多领域（17分野）
IP-2026-09-04,2026-09-04,造船業再生基金 初回認定（最大2131億円）,1,造船,輸送用機器;機械,https://www.jiji.com/jc/article?k=2026090400533&g=eco,报道（时事）,2026-10-06,造船
